sequence_id,sensor_seed,window_start,window_end,overlapping,process_trial_count,axis_drift_rate_median,ODI_trans_median,lambda_min_trans_normalized_median
OC-L0-G01,11,0,10,False,5,0.00023676974942873536,0.05857070544575915,128.56422677651545
OC-L0-G01,11,10,20,False,5,0.00023185857209684867,0.06712372480414563,123.18506500133059
OC-L0-G01,11,20,30,False,5,0.00013620959318814805,0.07004145413651641,121.23115534947388
OC-L0-G01,11,30,40,False,5,0.00013966048468466488,0.05741947210498899,128.34073549290844
OC-L0-G01,11,40,50,False,5,4.545670888247952e-05,0.06892415824397546,121.44677814390684
OC-L0-G01,11,50,59,False,5,0.0003816139201036938,0.06590635361410635,123.41666873434622
OC-L0-G01,22,0,10,False,5,0.0002566874152249686,0.0616796115234064,125.87730804675367
OC-L0-G01,22,10,20,False,5,0.0002772036374260196,0.0634767229962474,125.06323537931435
OC-L0-G01,22,20,30,False,5,0.00014926719518286552,0.07038108487093764,120.25564503198578
OC-L0-G01,22,30,40,False,5,0.00013438745677823958,0.06047637915940429,126.8460823981816
OC-L0-G01,22,40,50,False,5,0.00019285720980297136,0.06967650084053556,121.00500188717184
OC-L0-G01,22,50,59,False,5,2.8586272656728447e-05,0.06335621506385625,124.93836991008142
OC-L0-G02,11,0,10,False,5,2.6616848589896662e-05,0.0718797172053105,119.30875728911518
OC-L0-G02,11,10,20,False,5,0.0003378327524653702,0.05466719508172213,129.70066890739338
OC-L0-G02,11,20,30,False,5,4.006956753894453e-05,0.049685782043985105,134.49787152091875
OC-L0-G02,11,30,40,False,5,0.00021068478000062075,0.07426908985917668,117.34933483029772
OC-L0-G02,11,40,50,False,5,3.02356664091347e-06,0.0522827303724811,132.40600967837577
OC-L0-G02,11,50,59,False,5,6.400387425690777e-05,0.05756646032012369,129.22957291347274
OC-L0-G02,22,0,10,False,5,1.1213273345847684e-05,0.07196988527945969,119.70135399611142
OC-L0-G02,22,10,20,False,5,0.00020161685431482055,0.056815962587649205,129.2971640708807
OC-L0-G02,22,20,30,False,5,6.288009052801973e-05,0.053714636431004825,131.13295621516687
OC-L0-G02,22,30,40,False,5,4.139483614418699e-06,0.07442145307168335,118.52230509210209
OC-L0-G02,22,40,50,False,5,0.00010264580102204983,0.06024513396529185,127.44669845446776
OC-L0-G02,22,50,59,False,5,0.00010890914514171051,0.05777055672993203,128.69511950130328
OC-L0-G03,11,0,10,False,5,0.0004969165362456333,0.05575284904866318,130.19578902154015
OC-L0-G03,11,10,20,False,5,0.00038808267061506515,0.06285829298847911,125.09992525051193
OC-L0-G03,11,20,30,False,5,7.50086481358994e-05,0.0644799337414026,124.86606287852737
OC-L0-G03,11,30,40,False,5,0.00012370883671660127,0.05632040969832741,129.42506594102858
OC-L0-G03,11,40,50,False,5,0.0002592977575562338,0.06354401867802051,124.81262788185478
OC-L0-G03,11,50,59,False,5,5.996460634873191e-06,0.063999736406128,125.0321654360676
OC-L0-G03,22,0,10,False,5,0.00013946333837775584,0.04920586292162987,134.08248533609918
OC-L0-G03,22,10,20,False,5,0.00017589995593992943,0.0641890150012121,124.45807338905684
OC-L0-G03,22,20,30,False,5,1.7576175896411706e-05,0.06302047757214901,125.40565215861113
OC-L0-G03,22,30,40,False,5,0.00026749260938355076,0.057391692615201384,128.94946875938155
OC-L0-G03,22,40,50,False,5,0.00013424717709474018,0.06598654890520761,123.87280084785986
OC-L0-G03,22,50,59,False,5,0.00022642547357621377,0.05848619935402677,128.05361405744958
ST-L1-G01,11,0,10,False,5,0.0012625712865950778,0.5399674713057298,9.307808295241218
ST-L1-G01,11,10,20,False,5,0.0011743273468311118,0.48012008421951746,4.176557257912439
ST-L1-G01,11,20,30,False,5,0.0016368470299072933,0.4674355767247924,3.662183590601621
ST-L1-G01,11,30,40,False,5,0.0009231342566143011,0.5384890550411869,8.544297579203521
ST-L1-G01,11,40,50,False,5,0.0005340851099694337,0.47359092939392844,7.185495037722192
ST-L1-G01,11,50,59,False,5,0.006742720382130811,0.4828812027544257,2.7393636356714417
ST-L1-G01,22,0,10,False,5,0.0014856156732491082,0.5480062274204311,9.259475629325275
ST-L1-G01,22,10,20,False,5,0.0012386025368401057,0.5020828452565567,4.12714247540048
ST-L1-G01,22,20,30,False,5,0.0016311318965740824,0.4671913376092298,3.7855094141015546
ST-L1-G01,22,30,40,False,5,0.0011122973032700826,0.5256304197460328,8.607002346111635
ST-L1-G01,22,40,50,False,5,0.0002841180399834598,0.47196875409805794,6.827959060479114
ST-L1-G01,22,50,59,False,5,0.0016159490334890893,0.4797416120899156,2.6755172108998226
ST-L1-G02,11,0,10,False,5,0.0017912836598985046,0.5739327305117319,4.992503666269181
ST-L1-G02,11,10,20,False,5,0.0005049528767375126,0.4638630319899093,5.983659461607934
ST-L1-G02,11,20,30,False,5,0.0019510682465559443,0.46536687414933087,4.505056835057098
ST-L1-G02,11,30,40,False,5,0.002341591999867482,0.5510629097123367,4.915368300311448
ST-L1-G02,11,40,50,False,5,0.00042150288330982343,0.4901153707916672,3.5268526943972756
ST-L1-G02,11,50,59,False,5,0.004762543370829012,0.48247158752815733,2.5239187149345494
ST-L1-G02,22,0,10,False,5,0.0014332311465854823,0.5790725116293892,4.924981969617949
ST-L1-G02,22,10,20,False,5,0.0012834260168463907,0.4876720157722776,5.886296626002961
ST-L1-G02,22,20,30,False,5,0.0012182209865977795,0.46483068021751617,4.480195790154525
ST-L1-G02,22,30,40,False,5,9.772523999422564e-05,0.5465127215263708,5.0580807186700305
ST-L1-G02,22,40,50,False,5,0.0009275452932802681,0.48592546986599205,3.242690632799081
ST-L1-G02,22,50,59,False,5,0.00032579865558699433,0.48334498008531424,2.4857214285773193
ST-L1-G03,11,0,10,False,5,0.0017191785799026173,0.5692229145243439,4.984312043249087
ST-L1-G03,11,10,20,False,5,0.0015690322335531125,0.45860186724500807,6.7456128590340505
ST-L1-G03,11,20,30,False,5,0.0027149447865130495,0.4658207132222292,4.313831906616292
ST-L1-G03,11,30,40,False,5,0.0018215726865629931,0.5430629189985313,6.240371217782995
ST-L1-G03,11,40,50,False,5,0.0010027077532765456,0.46685091420969527,6.023597030490941
ST-L1-G03,11,50,59,False,5,0.005714002937587296,0.4825175812227478,2.3731995698639077
ST-L1-G03,22,0,10,False,5,0.0012253698199305805,0.5787748261533725,4.859050772029839
ST-L1-G03,22,10,20,False,5,0.0010419984101459577,0.4817733775477173,6.735436705557963
ST-L1-G03,22,20,30,False,5,0.0022307595165402,0.4619920962635464,4.333150415522097
ST-L1-G03,22,30,40,False,5,0.001209163503264547,0.5377998988879679,6.20204097034277
ST-L1-G03,22,40,50,False,5,0.0004566505599746393,0.4648116845962249,6.050943866029716
ST-L1-G03,22,50,59,False,5,0.0006750384482135296,0.48090588233058174,2.273582797588098
ST-L2-G01,11,0,10,False,5,0.001909247866558569,0.5295944115582916,4.804278379292873
ST-L2-G01,11,10,20,False,5,0.0009321531934637983,0.49894386419640835,2.8401364907440523
ST-L2-G01,11,20,30,False,5,0.0006775760599614806,0.4827981870944158,2.650962786368655
ST-L2-G01,11,30,40,False,5,0.0003375511933141671,0.5056262281631633,5.09268148079739
ST-L2-G01,11,40,50,False,5,0.0001712319633238792,0.4877024063148816,4.471797224387043
ST-L2-G01,11,50,59,False,5,0.0031813197706765835,0.4964539389630347,2.1532980978729395
ST-L2-G01,22,0,10,False,5,0.002291674263203449,0.5273808349399479,4.9392270377051615
ST-L2-G01,22,10,20,False,5,0.0008314811001162808,0.5062265267257925,2.8796186773752535
ST-L2-G01,22,20,30,False,5,0.0005511457466353623,0.48511794431937116,2.6405521454958616
ST-L2-G01,22,30,40,False,5,0.00325629043648228,0.509437591148876,5.153077093646912
ST-L2-G01,22,40,50,False,5,0.0020752052298828373,0.48696378731726075,4.493557478155738
ST-L2-G01,22,50,59,False,5,0.002093411559460349,0.503229344147551,2.127025066708003
ST-L2-G02,11,0,10,False,5,0.0012218939332640298,0.5507726765064109,2.9284041677780785
ST-L2-G02,11,10,20,False,5,0.0007380894101032194,0.4903923386664084,3.917830953429587
ST-L2-G02,11,20,30,False,5,0.001535051969912984,0.4789726193377162,3.3371194000064044
ST-L2-G02,11,30,40,False,5,0.0005782574266338791,0.5215564109256031,2.8489212716476446
ST-L2-G02,11,40,50,False,5,0.0016070235132425175,0.5003415290059924,2.332755213095814
ST-L2-G02,11,50,59,False,5,0.0020000180557478643,0.49415282782427095,2.0122883494559747
ST-L2-G02,22,0,10,False,5,0.001170339536600395,0.5486194850619822,2.8888624394140923
ST-L2-G02,22,10,20,False,5,0.0010846310234853091,0.49636343712854303,3.713432210636163
ST-L2-G02,22,20,30,False,5,0.002375542566531832,0.4842454345847991,3.248970959141508
ST-L2-G02,22,30,40,False,5,0.004131937166432611,0.5258534893113573,2.968688411834573
ST-L2-G02,22,40,50,False,5,0.0005846085799665772,0.5023381096181742,2.305386637664644
ST-L2-G02,22,50,59,False,5,0.0008674322037868433,0.49959849683646007,1.949213590366206
ST-L2-G03,11,0,10,False,5,0.0008897213766161829,0.5515033295118658,2.8556416322823353
ST-L2-G03,11,10,20,False,5,1.1290633334593485e-06,0.48715177069446525,4.342074628382743
ST-L2-G03,11,20,30,False,5,0.0008072716299538519,0.47688785981122916,3.30419796394706
ST-L2-G03,11,30,40,False,5,6.74000266625243e-05,0.5242996386171522,2.871301447274387
ST-L2-G03,11,40,50,False,5,0.0005125506999705748,0.48410969952769056,3.8867875953805737
ST-L2-G03,11,50,59,False,5,0.000934233314904816,0.49336765787309456,1.9956387195546899
ST-L2-G03,22,0,10,False,5,0.0007457216499576733,0.5515016377454978,2.8781307933339146
ST-L2-G03,22,10,20,False,5,0.0018913504135982689,0.49235859752199285,4.186395897200657
ST-L2-G03,22,20,30,False,5,0.0019361056498902118,0.4792569709779948,3.2459433690959876
ST-L2-G03,22,30,40,False,5,0.0028645266998375924,0.5252495642259503,2.932984900424257
ST-L2-G03,22,40,50,False,5,2.8183119998721667e-05,0.4835546272956752,3.818848253551436
ST-L2-G03,22,50,59,False,5,0.0013875189519850658,0.5016947723304523,1.9353231893569
ST-L3-G01,11,0,10,False,5,0.004313963376422201,0.537917529107677,1.6177080021579577
ST-L3-G01,11,10,20,False,5,0.0031549520371084725,0.5155084016398901,1.1577075454724315
ST-L3-G01,11,20,30,False,5,0.0010212180199421583,0.5136232999265993,1.2232793187850068
ST-L3-G01,11,30,40,False,5,0.003057697813159909,0.5182035529672165,1.8763678716644978
ST-L3-G01,11,40,50,False,5,0.0023247355032016627,0.5131577645040661,1.5362232544837477
ST-L3-G01,11,50,59,False,5,0.0024628509854228175,0.5264475306625265,0.9351251155560747
ST-L3-G01,22,0,10,False,5,0.001972840229888217,0.5334635475115586,1.6620684523933291
ST-L3-G01,22,10,20,False,5,0.002608032853698476,0.5187867693257122,1.1487834180439471
ST-L3-G01,22,20,30,False,5,0.0024427874231948018,0.5099030479601289,1.1933367910748445
ST-L3-G01,22,30,40,False,5,0.004113011736433225,0.5151926103861225,1.786612180325149
ST-L3-G01,22,40,50,False,5,0.00038575379997752337,0.5113835875283921,1.5890803265343878
ST-L3-G01,22,50,59,False,5,0.0030409718817749195,0.526876241606534,0.9388317694243902
ST-L3-G02,11,0,10,False,5,0.004868176139724195,0.5465888292486725,0.9662922306706127
ST-L3-G02,11,10,20,False,5,0.003707974967185856,0.5141145572778193,1.357194795325533
ST-L3-G02,11,20,30,False,5,0.0003023207199828255,0.5156254090145309,1.4200245428031115
ST-L3-G02,11,30,40,False,5,0.0030240662398283665,0.5217622142542072,1.0567202200185841
ST-L3-G02,11,40,50,False,5,0.0019043738765592432,0.5192438277910914,0.87268256557901
ST-L3-G02,11,50,59,False,5,0.004615613267111494,0.5257617949285824,0.9938625226450211
ST-L3-G02,22,0,10,False,5,0.000914866586614727,0.5435985777403625,1.0345625083732484
ST-L3-G02,22,10,20,False,5,0.002108478870295115,0.5160895120770266,1.4475977085114133
ST-L3-G02,22,20,30,False,5,0.004698391446400328,0.5087792751087352,1.4271791224990575
ST-L3-G02,22,30,40,False,5,0.003843037176448877,0.5189611750097874,1.081891591720232
ST-L3-G02,22,40,50,False,5,0.0007471972399579319,0.513741725877123,0.8468185913366987
ST-L3-G02,22,50,59,False,5,0.003053482066960778,0.5247139511431349,0.9656168727140981
ST-L3-G03,11,0,10,False,5,0.004389349053084563,0.5478624911937171,1.024429059893772
ST-L3-G03,11,10,20,False,5,0.0033052622071293686,0.5142820646129124,1.5187147805113426
ST-L3-G03,11,20,30,False,5,0.0014193018365860868,0.5111242658576767,1.4420419467554622
ST-L3-G03,11,30,40,False,5,0.0030256328864953098,0.5278441211180795,0.9624500840393008
ST-L3-G03,11,40,50,False,5,0.0009070207666150981,0.5131934007932083,1.6324527585338848
ST-L3-G03,11,50,59,False,5,0.0023109270780001597,0.5272222192711943,0.9801582365222434
ST-L3-G03,22,0,10,False,5,0.0005281994666367973,0.5424795464179378,1.041415123919712
ST-L3-G03,22,10,20,False,5,0.003479199910487068,0.514609226125062,1.6222805693176372
ST-L3-G03,22,20,30,False,5,0.00448664693641207,0.508892823477918,1.4126909212261507
ST-L3-G03,22,30,40,False,5,0.003646743586459536,0.5221144049829998,0.9417855123440451
ST-L3-G03,22,40,50,False,5,0.001927337463224858,0.5073819821616624,1.4968634972170756
ST-L3-G03,22,50,59,False,5,0.003843303048518176,0.5241579654467563,0.9542282436458476
ST-L4-G01,11,0,10,False,5,0.0061881396763159595,0.5431992878520924,0.25938795515027585
ST-L4-G01,11,10,20,False,5,0.004401222213949306,0.5278286543746948,0.20591063645681834
ST-L4-G01,11,20,30,False,5,3.337688999811174e-05,0.5307025864425208,0.22651426390829424
ST-L4-G01,11,30,40,False,5,0.0006532041432964524,0.5277625272624398,0.2818074109858154
ST-L4-G01,11,40,50,False,5,0.012874510555936832,0.5265181107536637,0.3105630477777807
ST-L4-G01,11,50,59,False,5,0.0006217677852450492,0.5405459516999118,0.16350933105717858
ST-L4-G01,22,0,10,False,5,0.01611494572575346,0.5450656976612156,0.2606979399810699
ST-L4-G01,22,10,20,False,5,0.006181017787532224,0.5272679081630386,0.20498385462717364
ST-L4-G01,22,20,30,False,5,0.0048992870363886885,0.5274660304141152,0.18555703962670977
ST-L4-G01,22,30,40,False,5,0.004577204659740539,0.5309602633952728,0.2731405116082017
ST-L4-G01,22,40,50,False,5,0.008805568672834283,0.527820016735201,0.23407077556437902
ST-L4-G01,22,50,59,False,5,0.006723101133980784,0.5499445470644408,0.1800067998174909
ST-L4-G02,11,0,10,False,5,0.00346023573647057,0.5446242660785472,0.17006630781362686
ST-L4-G02,11,10,20,False,5,0.0018860771902640527,0.5264848291529198,0.23318846878278762
ST-L4-G02,11,20,30,False,5,0.0011219878566032571,0.5301451606272708,0.2378887761285396
ST-L4-G02,11,30,40,False,5,0.0028611790398378302,0.527962534332318,0.17112424650955757
ST-L4-G02,11,40,50,False,5,0.00926679251947503,0.5260640153064697,0.14515211456675295
ST-L4-G02,11,50,59,False,5,0.003127299370671843,0.5394638264557409,0.1663581860227788
ST-L4-G02,22,0,10,False,5,0.019941057768869938,0.5459125705090165,0.16985912670367867
ST-L4-G02,22,10,20,False,5,0.011205500661568977,0.5283082050301222,0.20242004320475612
ST-L4-G02,22,20,30,False,5,0.0047439066030643615,0.5268293096580133,0.2226345952784492
ST-L4-G02,22,30,40,False,5,0.003446876563137646,0.5319862315798014,0.14959759754765764
ST-L4-G02,22,40,50,False,5,0.006568568726294091,0.5285296691947972,0.12685092630103034
ST-L4-G02,22,50,59,False,5,0.0042882825781908,0.548893740365116,0.20112023622517222
ST-L4-G03,11,0,10,False,5,0.002207782163208178,0.5447936622661562,0.16687158293597779
ST-L4-G03,11,10,20,False,5,0.0006444743067566491,0.526967433369656,0.25027127301013363
ST-L4-G03,11,20,30,False,5,0.0008235784432863026,0.5301510667059577,0.23966216869256357
ST-L4-G03,11,30,40,False,5,0.0018219192132300146,0.5282836632888412,0.14542388297528203
ST-L4-G03,11,40,50,False,5,0.011373250836022065,0.5263161741681001,0.27883854170337496
ST-L4-G03,11,50,59,False,5,0.0031916438966037588,0.5397795268373091,0.16494838936703604
ST-L4-G03,22,0,10,False,5,0.018659631852275912,0.5456084401311411,0.16698112819916944
ST-L4-G03,22,10,20,False,5,0.009972399678062972,0.5279787190625073,0.25722676700900876
ST-L4-G03,22,20,30,False,5,0.0050520006697136535,0.5268194111614255,0.18575115440421155
ST-L4-G03,22,30,40,False,5,0.002882724856503251,0.5326763147979223,0.13627181046848044
ST-L4-G03,22,40,50,False,5,0.007686515672897909,0.527546962458293,0.1990590316324682
ST-L4-G03,22,50,59,False,5,0.005672317252398258,0.5494048388443833,0.1922686187156323
