timestamp,eig_1,eig_2,eig_3,eig_4,eig_5,eig_6,ODI,AIS,lambda_min,lambda_min_clamped,condition_number,num_points,weak_dir_0,weak_dir_1,weak_dir_2,weak_dir_3,weak_dir_4,weak_dir_5,weak_trans_x,weak_trans_y,weak_trans_z,axis_alignment,weak_reliable,num_weak_dims,trans_eig_1,trans_eig_2,trans_eig_3,ODI_trans,AIS_trans_raw,AIS_trans_normalized,lambda_min_trans_raw,lambda_min_trans_normalized,condition_number_trans,trans_info_trace_raw,trans_info_trace_normalized,effective_sample_size,weak_trans_subspace_dim,weak_trans_subspace_alignment,weak_trans_primary_x,weak_trans_primary_y,weak_trans_primary_z,weak_trans_primary_reliable
0.0,259031.03384191002,152698.8203238436,3100.1813313800453,1798.0581100776271,387.8009700195131,54.70206115000262,0.784451976041577,8.316418155392482,54.70206115000262,54.70206115000262,4735.306648347338,640,-0.001967467893222302,-0.0023227751254673765,0.0025982415883287428,0.9999916560544929,0.0006501327717951992,-0.0004980715071635659,0.9999996646206483,0.0006501379784699562,-0.0004980754960354641,0.9999996646206484,1,4,102.30213097002564,13.546798475091226,0.08547325427866405,0.7786150873511527,8.053129588380182,1.5916614120264647,54.702882738345,0.08547325427866405,1196.890557559623,74198.01772761314,115.93440269939553,640.0,1,0.9999996880512059,0.9999996880512059,0.0006612169079584606,-0.0004320760253530118,1
0.1,261586.84208428074,148663.52872696557,3154.752215455292,2488.1380719438375,547.7931893691822,54.72738801119809,0.7819377740948503,8.428270776100609,54.72738801119809,54.72738801119809,4779.815949388192,640,0.00016053244153332424,0.0006077570885404533,-0.0011823071608450886,0.9999984406734652,0.0011444530904473255,0.0001260483867013234,0.9999993371680559,0.0011444541164449303,0.00012604849970319646,0.9999993371680559,1,4,153.58267376353214,18.961073849146768,0.08551169145584146,0.7901932852282038,8.300868538235832,1.8394003618821149,54.72748253173854,0.08551169145584146,1796.042987207694,110482.72595464627,172.62925930413482,640.0,1,0.9999993423016885,0.9999993423016883,0.0011412317986645643,0.00011395688849432268,1
0.2,280807.23886080406,125904.67232914444,4141.357909964344,3286.2591914417167,693.9114957373035,108.84590417057001,0.7877645925157195,8.658006531513381,108.84590417057001,108.84590417057001,2579.8604090858325,640,0.0027721424998711454,0.0019122715078021115,-0.0063677162568551915,0.9999710925246735,0.0024072187903668636,0.00036061893904294073,0.9999970374677261,0.002407281247326768,0.0003606282955512509,0.9999970374677261,1,4,286.1194938364522,25.524314040976,0.17008022545748572,0.8331993042167926,8.836525291413478,2.3750571150597595,108.85134429279084,0.17008022545748572,1682.261962358301,199560.88838584683,311.81388810288564,640.0,1,0.9999970929185951,0.9999970929185951,0.002391837285397292,0.00030539934347492784,1
0.3,278103.5124971749,126266.04078219857,4737.560300524081,3196.6255453009703,1621.2213742200895,108.84822289410634,0.7799543701119978,8.816104411596358,108.84822289410634,108.84822289410634,2554.9660352997184,640,0.0015592855912920926,0.0007742002009796311,-0.005949382220312572,0.9999782243424867,0.002260384673227738,0.0001248826108574338,0.999997437430979,0.0022604281031442064,0.00012488501029033657,0.999997437430979,1,4,338.6632042327219,67.23195690494947,0.17008172788064876,0.7139641000561424,9.215627014468113,2.7541588381143955,108.8523058436152,0.17008172788064876,1991.1792316125316,259881.75543395345,406.06524286555225,640.0,1,0.9999974592237386,0.9999974592237388,0.002251182964947124,0.00011713806082705875,1
0.4,269323.2213197392,132402.99593895464,5644.371099059378,4012.1061851649115,3092.9584650077595,108.83917358425727,0.760709689464812,8.993366772466905,108.83917358425727,108.83917358425727,2474.506305500786,640,0.0020926851353947544,0.00033397185996622276,-0.005116194269799246,0.9999823325501055,0.002160527548922765,1.9906665011253606e-05,0.9999976657879116,0.002160560677390755,1.9906970250274948e-05,0.9999976657879117,1,3,375.40337338046936,160.64910058901165,0.17006630781362686,0.5767594091130427,9.540371099284366,3.07890292293065,108.84243700072119,0.17006630781362686,2207.3941523553763,343182.4257774686,536.2225402772947,640.0,1,0.9999976763670019,0.999997676367002,0.002155662325429378,1.9507320193908488e-05,1
0.5,262628.2010493065,137588.68684772658,6729.781615646738,5585.635929524818,3058.7942214451396,81.81863410101236,0.7465504881210175,9.030657288954767,81.81863410101236,81.81863410101236,3209.882491133605,640,-0.0007684583433919698,1.1614295717323093e-05,-0.0037877368126457063,0.9999912931462508,0.0015735339619882577,3.046411975073126e-06,0.9999987619715355,0.001573545714540827,3.046434728390023e-06,0.9999987619715355,1,2,397.6684027000645,211.42566392355917,0.127843501406893,0.5446242660785472,9.5561789179901,3.0947107416363835,81.81984090041152,0.127843501406893,3110.5875412031173,389902.0224800196,609.2219101250306,640.0,1,0.9999987640969165,0.9999987640969166,0.0015721946400698394,2.9416531267223744e-06,1
0.6,260516.15056811454,139387.52570245127,7643.966105205536,6639.260268767913,3061.4521858120984,119.42540917666929,0.7376659437330302,9.144637187750051,119.42540917666929,119.42540917666929,2181.4130875844508,640,2.387772697073415e-05,0.0002792449979214039,-0.011660179585418571,0.99993196728762,-0.00014986432157831613,-1.056574760726736e-06,0.9999999887682565,-0.00014987451626493663,-1.0566466353961923e-06,0.9999999887682565,1,2,406.17832829554294,217.05935466517576,0.1866271951629088,0.5432721935141956,9.697946582111152,3.236478405757435,119.44140490426163,0.1866271951629088,2176.415542981213,398991.55849976407,623.4243101558814,640.0,1,0.9999999889207731,0.9999999889207734,-0.0001488534305758667,-1.0532519262364262e-06,1
0.7,245510.68826224943,154382.23602443055,7592.326030376107,6705.62933723524,3177.5537654929235,119.14038843276475,0.7279455775836873,9.15811234027738,119.14038843276475,119.14038843276475,2060.6839669722917,640,0.00020842134726015092,-0.0001940631868517845,-0.01323275980911127,0.9999124023263278,-2.5328050413877912e-05,-5.812648827490222e-07,0.9999999996790198,-2.5330269278410384e-05,-5.813158044745884e-07,0.9999999996790198,1,2,383.293261024699,240.90886681928902,0.186188964299296,0.5234449944732301,9.71258302479258,3.251114848438863,119.16093715154943,0.186188964299296,2058.625023600007,399608.5227573041,624.3883168082875,640.0,1,0.9999999996525845,0.9999999996525846,-2.6354031079381024e-05,-5.440781426059975e-07,1
0.8,248009.95149237348,151875.19730927717,7694.855046311732,6954.864829894917,3162.6658887454264,118.98410348243736,0.7280826708286524,9.164388301942425,118.98410348243736,118.98410348243736,2084.395681722147,640,0.0028091158755363358,-0.00011916514526045052,-0.013808858500519463,0.9999006925366865,-0.00012311447354744582,1.435274425372119e-06,0.9999999924188776,-0.00012312670001434452,1.4354169621084323e-06,0.9999999924188776,1,2,387.04121387164554,237.2967404661641,0.18594898447612496,0.5261765130858365,9.710361511400224,3.2488933350465072,119.00735006471996,0.18594898447612496,2081.4376317357082,399695.29812626285,624.5239033222856,640.0,1,0.9999999924563238,0.9999999924563239,-0.00012282282070433497,1.3809037200256362e-06,1
0.9,251868.6586498206,148254.27793392536,7290.391652031729,6770.742228241253,3195.8520612327534,92.29143022701689,0.7324389591569304,9.10889700213678,92.29143022701689,92.29143022701689,2729.0579204404826,640,-0.001564305490351608,-2.4332196473251476e-05,-0.009012211982553912,0.9999580673155105,-0.00044266793294717134,-6.86940197869952e-06,0.9999999019907513,-0.00044268645259296416,-6.8696893699514835e-06,0.9999999019907513,1,2,388.8539044605558,227.06707978328515,0.14421725953861755,0.5323332494562701,9.612614564406641,3.151146388052924,92.29904610471525,0.14421725953861755,2696.306293051083,394281.72896216274,616.0652015033794,640.0,1,0.9999999011626003,0.9999999011626005,-0.00044455825526339355,-6.538117881286283e-06,1
1.0,247425.07786702475,152501.75523117938,7335.57034488039,7202.295880278241,3086.5286859182893,86.64773184194449,0.728755415091977,9.10565644590958,86.64773184194449,86.64773184194449,2855.5286169331794,640,0.0017807671590222521,0.0002531575945697932,-0.011852107816437031,0.9999279890206342,0.0005559373627693333,-5.163753950390706e-06,0.9999998454312675,0.0005559773133096364,-5.164125025936489e-06,0.9999998454312675,1,2,385.81542169376917,238.1605577645836,0.13540630364644998,0.5260155912764699,9.604923307429685,3.1434551310759673,86.66003433372799,0.13540630364644998,2849.3165480770017,399431.2868876797,624.1113857619995,640.0,1,0.999999846011708,0.999999846011708,0.0005549335068755419,-5.036184832980309e-06,1
1.1,252396.1595162884,147539.60724116128,7329.9665753501085,7004.1817708356675,3107.4429451134733,129.6970713940922,0.7318908525089836,9.166988654997594,129.6970713940922,129.6970713940922,1946.0436292302065,640,0.0007040020903621206,-1.920862953232702e-05,0.0003084066756105317,0.9999972564899882,-0.002212654890884762,8.260675063276492e-06,0.9999975520406043,-0.0022126555448380722,8.260677504730795e-06,0.9999975520406044,1,2,392.86059085410216,228.4570779221731,0.20265178927630487,0.5321676635034784,9.731321608361277,3.2698534320075603,129.69714513683513,0.20265178927630487,1938.599171796395,397773.005161953,621.5203205655515,640.0,1,0.999997552324843,0.9999975523248431,-0.0022125283189898285,7.922140957248372e-06,1
1.2,243665.32502527503,156271.61747558444,7003.525123029191,6924.421571807096,3223.2997736317807,97.31873465177685,0.7282837185403882,9.11946490496821,97.31873465177685,97.31873465177685,2503.7864075930643,640,0.0015184512804553934,-0.00018796651101737105,0.004814304579010619,0.9999857555770238,-0.0017233935501374548,1.8547589750634804e-06,0.9999985149166157,-0.0017234155398142418,1.8547826409002107e-06,0.9999985149166157,1,2,379.48661118583505,243.42163507186763,0.15206434070238506,0.5216980706676707,9.645311201960995,3.183843025607279,97.32117804952644,0.15206434070238506,2495.5660836260936,398758.5987829793,623.0603105984052,640.0,1,0.9999985148168675,0.9999985148168676,-0.0017234734304272545,1.8421888257012803e-06,1
1.3,254350.90319634258,145633.8487440321,8025.1632931267895,6420.432093619622,3005.6654308903835,32.62672367750383,0.7340781490383529,8.931409767997076,32.62672367750383,32.62672367750383,7795.784391667798,640,0.0004263487695815106,-7.218576714202288e-05,0.0018844409188262458,0.999997975133406,-0.0005582303651593579,-2.512479580166899e-06,0.9999998441856789,-0.0005582314085232033,-2.5124842761320776e-06,0.9999998441856789,1,2,396.99775494128437,227.08178283178853,0.05097944554264997,0.5360700683851072,9.273795564314932,2.812327387961215,32.62684514729598,0.05097944554264997,7787.408252785951,399443.53101991396,624.1305172186155,640.0,1,0.9999998442096832,0.9999998442096832,-0.0005581885075483044,-2.4898215620704506e-06,1
1.4,244996.52382777943,154976.64628561973,7060.294978017189,7010.100955923721,3235.20598573298,123.90385164086841,0.7281613760243382,9.163222596459006,123.90385164086841,123.90385164086841,1977.31160559798,640,-0.010395928457048944,-0.007467472115086623,0.007077662225133435,0.9998917293641744,-0.001137429548879823,0.0011419423345534528,0.9999987008320859,-0.001137551234563299,0.0011420645030285087,0.999998700832086,1,2,378.58419542120794,240.66815694954454,0.19364001388048824,0.5221322580117188,9.721191592185539,3.259723415831822,123.92960888351247,0.19364001388048824,1955.0927922101087,396445.43512616516,619.4459923846331,640.0,1,0.9999986994875184,0.9999986994875184,-0.0011392208383599139,0.0011415774845878047,1
1.5,245580.5344988698,154257.33098768623,8016.1939624687975,7418.6184662234655,3084.975371874907,182.30407593407602,0.7238060229706086,9.249853973680532,182.30407593407602,182.30407593407602,1347.092944798862,640,-0.01977847644708579,-0.010019607233159254,0.0037970130546987296,0.999743407636326,-0.0012468847944883058,0.002359279170417498,0.9999964377312102,-0.0012472003748416737,0.0023598762922667537,0.9999964377312103,1,2,381.74519001231346,240.93307254959754,0.28498701421159045,0.5218768994266891,9.853031727557733,3.3915635512040154,182.39168909541792,0.28498701421159045,1339.5178410791877,398696.4797287185,622.9632495761227,640.0,1,0.99999644154177,0.99999644154177,-0.0012394867099708223,0.002362324383571802,1
1.6,244969.15050143283,155261.04335177148,7111.829146714896,6811.652889388107,3314.467267700224,149.2992884482321,0.7280857623046473,9.195028080650612,149.2992884482321,149.2992884482321,1640.7924849981669,640,-0.02656812523678978,-0.006197704302420698,0.001838363454389492,0.9996235067691894,-0.0006279652057242235,0.0021895151884510633,0.9999974038971097,-0.000628200088542869,0.0021903341502251274,0.9999974038971097,1,2,382.59883861184164,229.665978826076,0.23344706265107448,0.5279971492561824,9.771364403191397,3.3098962268376795,149.4061200966877,0.23344706265107448,1638.9104847453118,391998.8892803639,612.4982645005687,640.0,1,0.999997402372115,0.999997402372115,-0.0006255975175141711,0.002191774798770094,1
1.7,249363.44448727038,150537.2626884928,8381.950585200653,6877.575571954758,2972.467080645136,149.11799789305454,0.7273501423252297,9.203480931949267,149.11799789305454,149.11799789305454,1672.2558511421978,640,-0.02817466935418596,-0.00801811703822179,0.002246293096750401,0.9995646645312903,-0.0008070504013208549,0.002584968735973491,0.9999963301287715,-0.0008073989289409735,0.0025860850640245705,0.9999963301287716,1,2,387.0909670440114,234.13784517702481,0.23318846878278762,0.5271593247781736,9.781318460586617,3.3198502842329005,149.24062002098407,0.23318846878278762,1659.9918900989146,397735.6804414841,621.462000689819,640.0,1,0.9999963498036002,0.9999963498036003,-0.0007950867190966248,0.002582289020372641,1
1.8,246818.36424184218,153012.38094698623,7518.062404854241,7078.681077750909,3164.036140990912,181.81364162121722,0.7271075385298525,9.234599900782447,181.81364162121722,181.81364162121722,1357.534902447271,640,-0.022655269097407824,-7.606507830157375e-05,0.011012178394625292,0.9996792789240542,-0.0011138139918677671,0.0023587351499243106,0.9999965957275209,-0.0011141675371527473,0.002359483856348239,0.9999965957275209,1,2,385.13599230583,238.8305076461922,0.2842551364498153,0.5238010685551744,9.852201751175372,3.3907335748216525,181.92328732788178,0.2842551364498153,1354.895454541153,399520.4832566221,624.250755088472,640.0,1,0.9999965903941135,0.9999965903941136,-0.0011129315241558675,0.0023623258814307493,1
1.9,251274.85068314418,148561.48869490574,7214.873152753857,6723.7995395692515,3393.336672757008,230.4759385481528,0.7306138597263498,9.268403985205035,230.4759385481528,230.4759385481528,1090.2433124516635,640,-0.04224558871776389,-0.0008232841707446756,-0.0077303348561379,0.9990668744606039,-2.8302536718486503e-05,0.004500434930303248,0.9999898538699405,-2.832868377559643e-05,0.004504592618722225,0.9999898538699405,1,2,391.2151471802141,229.83686348511455,0.3607394885047572,0.5291903315641437,9.924002734426384,3.4625345580726674,230.8732726430446,0.3607394885047572,1084.4810719274917,397704.1600984534,621.4127501538335,640.0,1,0.9999897086997358,0.9999897086997358,-2.4521339378099846e-05,0.004536727159697463,1
2.0,248752.4802042385,151070.40072215546,7549.236762370233,6761.591898496039,3140.526505176024,228.64715431674148,0.7289759522358267,9.263767111884576,228.64715431674148,228.64715431674148,1087.9316689839288,640,-0.05003816102559252,0.00540962790844961,-0.006884935443261282,0.9986986085759101,-8.501414073155623e-05,0.0045385054972123,0.9999896706623236,-8.512404229040995e-05,0.004544372625018541,0.9999896706623236,1,2,388.51636501574893,233.6042348495038,0.3581192509925141,0.5264848291529198,9.924686535637345,3.4632183592836276,229.19632063520905,0.3581192509925141,1084.879865963615,398386.38023439696,622.4787191162452,640.0,1,0.9999895399026509,0.999989539902651,-7.970128105700987e-05,0.004573153506071557,1
2.1,243750.40401594513,156102.82030636774,7039.600721475594,6829.529513093933,3393.6479138047735,154.7806627212611,0.727316511276805,9.203774708892945,154.7806627212611,154.7806627212611,1574.8117350738212,640,-0.0317241881813158,0.009210001078889363,-0.002606649821238285,0.9994500980196233,1.645132422321144e-05,0.0012076584749857733,0.9999992698431711,1.6460363797814852e-05,0.0012083220518949607,0.9999992698431711,1,2,380.83327668523305,243.4186279638282,0.24209890629071903,0.5210271897607208,9.801333619065247,3.3398654427115293,154.94330002606017,0.24209890629071903,1573.0483153357081,399676.1622754253,624.4940035553519,640.0,1,0.9999992613066757,0.9999992613066757,1.565642629697728e-05,0.0012153768878680566,1
2.2,251252.2430956022,148620.04679180024,7796.577412527088,7003.15262180891,3248.0101624805757,133.68459636152264,0.7289001774369177,9.190126672636064,133.68459636152264,133.68459636152264,1879.4404885372278,640,-0.031077351310829025,0.012029457711638717,0.0006527841977175682,0.9994441451418378,3.566520204417724e-05,-0.0006809736800406365,0.9999997672428148,3.568502943982299e-05,-0.0006813522544999031,0.9999997672428149,1,2,392.44479080759277,231.95860482834533,0.20910551121993032,0.5301451606272708,9.746479876851312,3.285011700497595,133.8275271807554,0.20910551121993032,1876.7788018500967,399752.00073418114,624.612501147158,640.0,1,0.9999997653379443,0.9999997653379443,3.420185118547983e-05,-0.0006842180132801027,1
2.3,235651.1554008633,164186.9776303125,7275.118002440052,7261.959848635717,3373.903873275382,190.6564137848113,0.7209580223118931,9.256032308643329,190.6564137848113,190.6564137848113,1235.9990976586623,640,-0.03768371446375375,0.019444325274806967,-0.0009869868685003433,0.9990999440701991,-0.00034868175043813177,0.00024882866635539055,0.9999999080872998,-0.00034899583415986195,0.00024905280493879464,0.9999999080872999,1,2,365.6719700971796,255.93673159507412,0.2984102637458683,0.5117704329967935,9.874160428425448,3.412692252071731,190.98256879735575,0.2984102637458683,1225.400110260928,398020.5516518397,621.9071119559995,640.0,1,0.9999999120299374,0.9999999120299375,-0.0003289095131723127,0.00026030491604677933,1
2.4,248766.8091380657,151140.51393227832,7421.642795663944,6202.342714564825,3213.4701940490772,151.99277858243838,0.731768229614635,9.182419033731259,151.99277858243838,151.99277858243838,1636.7015029147499,640,-0.03622123953433438,0.02086435262287265,-0.0028602172415263236,0.999120754615622,0.00017210381651748544,0.0014858768934391466,0.9999988793070858,0.00017225507812433424,0.0014871828268636868,0.9999988793070859,1,2,387.3851862135043,234.00537519282602,0.2378887761285396,0.5272593492315722,9.788029386989994,3.3265612106362763,152.24881672226536,0.2378887761285396,1628.4298591884242,397842.2081167737,621.6284501824589,640.0,1,0.9999988731632053,0.9999988731632053,0.00016372408360314466,0.0014922689918397461,1
2.5,247553.41038845712,152322.30239002805,7433.7929930942855,7093.052761688753,3188.6098291104713,190.80981867318474,0.7275685799582151,9.242137057977063,190.80981867318474,190.80981867318474,1297.382975938265,640,-0.04046253076670651,0.017317966920496478,0.0013127269757624747,0.9990299250232525,0.00022762265829362474,0.0005526929896684068,0.9999998210121455,0.0002278436429685883,0.0005532295649003812,0.9999998210121455,1,2,383.4931875441012,237.35123644448478,0.29868740998561255,0.5238406250464174,9.865201366723173,3.4037331903694557,191.15994239079203,0.29868740998561255,1283.9281962456123,397531.5912950858,621.1431113985716,640.0,1,0.9999998244341517,0.9999998244341519,0.00021487492092234385,0.0005522322281868123,1
2.6,258151.3782624483,141756.0938099561,7957.081267023084,6525.3867229868465,3250.895946872772,187.801056557153,0.7339926132605968,9.235153187557039,187.801056557153,187.801056557153,1374.6002445086658,640,-0.030853962079404735,0.01588202940059403,0.0029408931900908766,0.9993918707750452,0.0006312206152891409,0.0016234231290858242,0.9999984811856863,0.000631603753283198,0.0016244085136979838,0.9999984811856863,1,2,400.0419025154688,219.99919970630526,0.29377737429004225,0.5382283123811366,9.84845659217993,3.3869884158262127,188.01751954562704,0.29377737429004225,1361.7178772947746,397014.32294148114,620.3348795960642,640.0,1,0.9999984809581294,0.9999984809581294,0.0006256146592999647,0.0016268643865106924,1
2.7,256182.44023651181,143692.4460082512,7169.707458809335,6250.018015678439,3300.2648346641136,141.2152934773946,0.7366535446217455,9.166602223020433,141.2152934773946,141.2152934773946,1814.1267417152724,640,-0.027622684684089793,-0.0028385520696945494,0.01264241014972449,0.9995318024648459,0.0010879517687623211,-0.0020227706055358364,0.9999973599188782,0.0010884585100729286,-0.002023712762584649,0.9999973599188783,1,2,400.2746979156974,223.7396242766023,0.22084646836928948,0.536932403311029,9.759231409741302,3.297763233387585,141.34173975634528,0.22084646836928948,1812.4568659453325,399510.50794282823,624.2351686606692,640.0,1,0.9999973508454918,0.9999973508454918,0.0010891099360479154,-0.0020278415977790397,1
2.8,254954.4751591526,144926.31760378313,7603.5465741558455,6526.976183560614,2989.6682841225565,142.10814994254073,0.7346918545108043,9.16882152646424,142.10814994254073,142.10814994254073,1794.0876386205825,640,-0.025746111920098035,-0.002241391635362925,0.01035124250411987,0.9996093323944294,0.0011597050299614613,-0.002191651742933607,0.9999969234843065,0.0011601546969682928,-0.002192501539609314,0.9999969234843065,1,2,397.16696645583977,226.20913145090657,0.22220862176158082,0.534526731116959,9.762339694183588,3.3008715178298704,142.21351792741174,0.22220862176158082,1787.3607392335157,399102.91617824504,623.5983065285079,640.0,1,0.9999969350601718,0.9999969350601718,0.001160340012224282,-0.002187117125002344,1
2.9,255585.01195722073,144326.17128219348,7182.050692768881,6586.069898255704,3150.11374500999,141.91738083033854,0.7356382309125254,9.16902754664906,141.91738083033854,141.91738083033854,1800.9422838966514,640,-0.02651480483550902,-0.004353696309233795,0.007281119311964504,0.9996093116670949,0.0010076885160721237,-0.0022813037583685743,0.9999968876916167,0.001008079224626413,-0.0022821882825832603,0.9999968876916167,1,2,397.81405730173884,224.00403336255104,0.22191084994998617,0.5359698636421596,9.759169705165663,3.2977015288119453,142.02294396799115,0.22191084994998617,1792.6751098082739,398105.6009691135,622.0400015142397,640.0,1,0.9999969082993526,0.9999969082993527,0.001010348912682588,-0.002272132656944287,1
3.0,253100.86173047393,146990.04164081925,7418.587218610139,6553.313306068384,3276.901609909442,109.47624000506688,0.7330209815872444,9.138361982859234,109.47624000506688,109.47624000506688,2311.9250507576776,640,-0.01875408183180451,-0.006935109234048905,0.002804582383850339,0.999794540428927,0.0006697535026991517,-0.0016587196768732579,0.9999983993858255,0.0006698900660078299,-0.001659057891225748,0.9999983993858256,1,2,394.3255310395111,222.8347230521965,0.17112424650955757,0.5360829152338817,9.667949829397168,3.206481653043452,109.51951776611685,0.17112424650955757,2304.322964644799,395092.08213645895,617.3313783382171,640.0,1,0.9999983868478172,0.9999983868478172,0.0006661735105592858,-0.0016680871132272847,1
3.1,248120.7264435518,151899.2278884672,7433.26922879177,6935.524665194679,3250.722119792119,109.23629841947533,0.7288045514860502,9.148600155239057,109.23629841947533,109.23629841947533,2271.412799898713,640,-0.019718004653990085,-0.00907904244554329,0.0021528328627546463,0.9997605916023953,0.0006160455808130702,-0.0015863663112793895,0.9999985512744399,0.0006161922099216851,-0.0015867438928827708,0.99999855127444,1,2,386.0112509038718,233.30285901340167,0.17076047347433754,0.527962534332318,9.67544166365632,3.213973487302603,109.28670302357602,0.17076047347433754,2260.5421679267183,396470.31705007853,619.4848703907477,640.0,1,0.9999985363703954,0.9999985363703955,0.0006144360743388326,-0.0015967859523248237,1
3.2,251816.2146801969,148112.89836161796,8220.295458130726,6870.330911824543,3125.4498987457487,142.00690404885935,0.7287180216003117,9.199209257468464,142.00690404885935,142.00690404885935,1773.2674081364114,640,-0.02402402216732851,-0.011282828487949911,-0.00022257468834513506,0.9996450187002902,0.001267382146643536,-0.0019300080088508471,0.9999973325229828,0.001267828821453637,-0.001930688218812089,0.999997332522983,1,2,392.35283414689593,229.02896976778823,0.22203605059732456,0.5314855311319536,9.762144405734148,3.300676229380431,142.1030723822877,0.22203605059732456,1767.0681544343033,397826.45757778024,621.6038399652816,640.0,1,0.9999973429586171,0.9999973429586171,0.0012615292612860331,-0.0019294091398256523,1
3.3,244938.8544432044,154986.65293549522,6883.559065799811,6714.183160985317,3159.379691362111,104.99520426510107,0.7303703746447023,9.120246154148006,104.99520426510107,104.99520426510107,2332.8575448528236,640,-0.017424790846287234,-0.008844013781507919,-0.0002527192891250457,0.9998079465613967,0.0010926315433401196,-0.0009860862794593,0.9999989164806931,0.0010928402431792936,-0.000986274628449579,0.9999989164806931,1,2,382.1500910255355,241.13744633630344,0.164115771740326,0.5232801350598333,9.669889590158908,3.208421413805191,105.03409391380863,0.164115771740326,2328.5397068978646,399009.0580054907,623.4516531335792,640.0,1,0.9999989129689865,0.9999989129689865,0.001094986809742961,-0.0009874536606694268,1
3.4,241193.48450507625,158807.70856747963,7523.8845021051875,7334.32444223281,3033.1426269346503,62.38752050440581,0.7248689158176779,9.057806783772747,62.38752050440581,62.38752050440581,3866.0533798268702,640,-0.0004223690166170566,-0.00038066712415526203,-0.007262898741959423,0.9999734606664067,7.007898288711121e-05,-7.113722626186038e-06,0.9999999975190338,7.00808426121082e-05,-7.113911407005116e-06,0.9999999975190339,1,2,376.31507400254435,246.24140431134146,0.09748563126170083,0.5203525142005345,9.498407183459348,3.0369390071056297,62.39080400748853,0.09748563126170083,3860.2106703532954,398498.53692489443,622.6539639451476,640.0,1,0.9999999975343357,0.9999999975343357,6.986785676889883e-05,-7.057721285290432e-06,1
3.5,254279.4843281042,145657.3101657493,7455.618993271084,6741.962558187684,3254.695623139557,95.74536322948731,0.7331686639500642,9.119724218021311,95.74536322948731,95.74536322948731,2655.7890194497913,640,-0.004428427674482591,-0.000998645405423578,-0.010774832057944944,0.9999314545479225,0.0006159418229121318,-3.9384716981793334e-05,0.9999998095061977,0.0006159839284758819,-3.9387409307025956e-05,0.9999998095061978,1,2,397.1795612899177,226.28953654088156,0.14962228312748768,0.5353250556286864,9.630785613285711,3.1693174369319954,95.75826120159213,0.14962228312748768,2654.548192875091,399115.98087291303,623.6187201139267,640.0,1,0.9999998097500209,0.9999998097500207,0.0006156475593883672,-3.844483170837785e-05,1
3.6,243644.02930592565,156364.9542946441,7085.120842448747,6706.046899840441,3152.394628221671,123.57970081161737,0.7288722417952045,9.152222984809379,123.57970081161737,123.57970081161737,1971.5538045955634,640,-0.008454983634889153,-0.0010032384873276616,-0.01595010621658986,0.9998365367002582,2.7473520994230494e-05,6.243310839999104e-07,0.9999999996222845,2.7478012630468242e-05,6.244331556681846e-07,0.9999999996222845,1,2,379.15333591480237,240.19859417967942,0.19315499639753533,0.5225030246244996,9.72020632265353,3.2587381462998124,123.6191976944226,0.19315499639753533,1962.9486318565682,396508.8544581627,619.5450850908792,640.0,1,0.9999999996221479,0.9999999996221479,2.7486354005170566e-05,4.5233963324621435e-07,1
3.7,243021.84097909203,156903.45697054474,7799.584697051998,6945.906334503122,3093.81664709829,123.71318121188784,0.7253931556174301,9.171292951149923,123.71318121188784,123.71318121188784,1964.397314808841,640,-0.006540661996832131,-0.0004633785176333828,-0.014873768315589581,0.999867847968991,0.0002366839260825218,-8.133673673358864e-05,0.9999999686742497,0.0002367152010628114,-8.134748442093803e-05,0.9999999686742498,1,2,378.605070912744,243.03250684027086,0.19335193327163902,0.5211308028964095,9.723974317382106,3.2625061410283878,123.74523729384897,0.19335193327163902,1958.113707509942,397971.79499922344,621.8309296862867,640.0,1,0.9999999695351627,0.9999999695351628,0.0002341654695206645,-7.807820800959804e-05,1
3.8,254334.97536844813,145626.64185989113,7219.081640131662,6623.813498949603,3206.1406430421102,91.05125320093194,0.734732738176367,9.10052832542599,91.05125320093194,91.05125320093194,2793.3165818946127,640,-0.0019609056231152653,-0.0005580166008594451,-0.0078333402110407,0.9999670719728996,-0.0005806701973610113,-6.31000276431117e-06,0.9999998313800911,-0.0005806892203988417,-6.310209483067946e-06,0.9999998313800911,1,2,394.58385083876703,227.44608867479468,0.14227677228575838,0.533958398699488,9.613542149721292,3.1520739733675733,91.05713426288537,0.14227677228575838,2773.353967056955,398190.21842294245,622.1722162858475,640.0,1,0.9999998321764797,0.9999998321764795,-0.0005793182055251091,-6.1179620983490894e-06,1
3.9,252415.48053335442,147613.0598228832,7505.940517916988,6910.796093688289,3150.304648536984,113.98970898870803,0.7315290485445773,9.149581157837778,113.98970898870803,113.98970898870803,2214.370777614311,640,-0.0014949513284855985,-3.205998830215201e-06,-0.0009476698189198295,0.9999962697247605,-0.002080240895710788,1.2905082937670094e-05,0.9999978362065173,-0.002080244154382356,1.2905103153322495e-05,0.9999978362065173,1,2,391.724574273899,226.37549335046342,0.1781094624464231,0.5332070966274935,9.684319840324987,3.2228516639712694,113.99005596571078,0.1781094624464231,2199.347350182101,395698.03333555756,618.2781770868087,640.0,1,0.9999978368086436,0.9999978368086438,-0.0020799576270218853,1.2421863546970165e-05,1
4.0,241766.49220224234,158134.39200859153,7346.430940427667,7063.764456207687,3296.0405008849475,113.91574286511059,0.725129670934648,9.161369976138138,113.91574286511059,113.91574286511059,2122.3273107082473,640,0.0005242194743227405,-8.138997784404387e-05,0.002349530275953363,0.9999947311750902,-0.002176211340952667,1.8318270769285272e-06,0.99999763203388,-0.002176217653867726,1.831832390828203e-06,0.99999763203388,1,2,377.3944673634754,246.7241163440854,0.1779943638476503,0.5194649770637074,9.70037757574798,3.2389093993942635,113.91639286249618,0.1779943638476503,2120.2607723382553,399549.80996570137,624.2965780714084,640.0,1,0.9999976322523121,0.9999976322523122,-0.0021761173237183256,1.7784424294065625e-06,1
4.1,245604.76289010546,154343.91983328672,7271.442801505204,7050.051031884287,3111.4575373186462,75.70519331245394,0.7285415857978018,9.080262020097837,75.70519331245394,75.70519331245394,3244.2260846813274,640,-0.01177634587854847,-0.010359253463824322,-0.0005418743275976763,0.9998756741018519,-0.0005924284251133855,0.001412545773675311,0.9999988265818096,-0.0005925013932149604,0.0014127197538206307,0.9999988265818097,1,2,382.8733964035128,239.9452323285669,0.118317977951015,0.5245677225596548,9.5599649678077,3.098496791453981,75.7235058886496,0.118317977951015,3235.969740473648,398679.6458944197,622.9369467100307,640.0,1,0.9999988229467786,0.9999988229467788,-0.0005910678810230793,0.001415889761672342,1
4.2,254353.46619539155,145600.21562918206,8194.511222624966,6974.436475452977,3259.6205314253475,104.35944184664592,0.7296771836693553,9.155707114994202,104.35944184664592,104.35944184664592,2437.282738337742,640,-0.011704311510859697,-0.008309166141473881,0.00396607306668032,0.9998874004880968,-0.0009671328654543843,0.0015773755725303224,0.9999982878890138,-0.0009672401203810283,0.0015775505033049503,0.9999982878890139,1,2,395.63880071419,226.70385899585574,0.1630969214804168,0.5344481072537604,9.65880434416134,3.1973361678076224,104.38202974746675,0.1630969214804168,2425.789506773092,398403.6842441767,622.5057566315261,640.0,1,0.999998285528466,0.999998285528466,-0.0009684426124094514,0.0015783089162870142,1
4.3,251205.75359439998,148727.5115197105,7208.496951489844,6682.177472490992,3112.7772997978395,103.98184470801418,0.7329832116415477,9.120385326406927,103.98184470801418,103.98184470801418,2415.861675658836,640,-0.016565799138729194,-0.007342484236184612,0.00571880448859644,0.999817727697045,-0.0009832143281261472,0.0015818254203051464,0.999998264931024,-0.0009833918672818263,0.0015821110507536855,0.999998264931024,1,2,391.2899844409504,231.1196318620791,0.16252865537724853,0.530758900048769,9.660388477794573,3.198920301440857,104.01833944143908,0.16252865537724853,2407.5138229176837,398446.1727733803,622.5721449584067,640.0,1,0.9999982577912525,0.9999982577912525,-0.0009858930461192203,0.0015850644660135786,1
4.4,262449.02667027083,137518.4549205011,8230.010269622993,6260.900557868262,3179.2722329032426,104.32329434510288,0.7379700114199599,9.129926516276152,104.32329434510288,104.32329434510288,2515.727942812905,640,-0.013196724747586677,-0.005304146252617833,0.006057435265875912,0.9998786559142098,-0.0009925312948802017,0.001645689912781033,0.9999981528500322,-0.0009926499137223428,0.0016458865915487295,0.9999981528500324,1,2,409.66839256490687,212.61111051862,0.1630430936946275,0.5475873390760683,9.64891659284411,3.187448416490392,104.34757996456159,0.1630430936946275,2512.638734224448,398363.2295534217,622.4425461772214,640.0,1,0.9999981502167358,0.9999981502167358,-0.0009921942661552995,0.0016477601903502215,1
4.5,252484.7889752146,147569.63553511567,7965.910504059606,6688.683425435108,3165.485671854939,80.87200772480436,0.7309707264623291,9.097682169766275,80.87200772480436,80.87200772480436,3122.0294398326732,640,-0.004432391551293761,-0.001736040864149128,0.008126131298403635,0.9999549354731012,-0.0009337979520806945,0.0007490672505205268,0.9999992833960042,-0.0009338393659465766,0.000749100471594294,0.9999992833960043,1,2,392.4279287892236,227.0065006075207,0.12637356275082445,0.5337078364647649,9.57161913828426,3.1101509619305414,80.87908016052765,0.12637356275082445,3105.3008259566805,396518.9138940768,619.5608029594949,640.0,1,0.9999992813265921,0.9999992813265921,-0.0009349423636099601,0.0007504858933406553,1
4.6,243701.07178503927,156213.6370085825,6953.119515906367,6704.045635371162,3214.9361390847594,103.62685104475331,0.7292846157950039,9.122860302675802,103.62685104475331,103.62685104475331,2351.717429682314,640,-0.01421731486385559,-0.0020430207129128047,0.013158001854613006,0.9998083804909582,-0.0011780095024995219,0.0015412998676185789,0.9999981176281487,-0.0011782330574876064,0.0015415923654913117,0.9999981176281488,1,2,380.23889122681703,243.653527649208,0.1619769262809494,0.5216890306610873,9.6673116436637,3.2058434673099825,103.6652328198076,0.1619769262809494,2347.48800312022,399394.81331347587,624.0543958023061,640.0,1,0.9999981200685697,0.9999981200685697,-0.0011761115158333024,0.0015416293422665078,1
4.7,246275.537855549,153694.26260686785,7395.05996548475,7350.561308758982,3310.8528505292916,92.81967260209522,0.7263080684575939,9.134072863768415,92.81967260209522,92.81967260209522,2653.2687624454065,640,-0.02916827554943779,0.0008748844289279696,-0.002931933292790573,0.9995644810255563,-2.3914231776625567e-05,0.003270740909142064,0.999994646221636,-2.3924523328993188e-05,0.003272148481070854,0.999994646221636,1,2,383.43543738113266,238.7748378139177,0.14515211456675295,0.5249287002872897,9.626851121065036,3.165382944711317,92.89735332272188,0.14515211456675295,2641.611102432802,398307.4734781549,622.355427309617,640.0,1,0.9999946568737499,0.9999946568737499,-2.292310927392129e-05,0.0032688986650646814,1
4.8,238758.77942022448,161190.8518619138,7181.418985570666,7100.870953600749,3087.9517948017265,70.7194730173828,0.7255091012954923,9.06929809659106,70.7194730173828,70.7194730173828,3376.139120289227,640,-0.020596124107976205,0.0017248061449651113,-0.00219313770996877,0.9997818343723037,-3.573162996488299e-05,0.002072979710050916,0.9999978498080245,-3.573935023279596e-05,0.002073427603381153,0.9999978498080245,1,2,372.5302602741507,250.85265013866893,0.11054584613576116,0.5174266898604165,9.543047744669662,3.0815795683159455,70.74934152688714,0.11054584613576116,3369.9164038841127,399035.8120057314,623.4934562589553,640.0,1,0.9999978414460842,0.9999978414460842,-3.480737996444357e-05,0.0020774724110671603,1
4.9,245005.9110366551,155158.95004176555,7450.8147698677585,6719.836065573101,3123.2833951404714,85.09517264038398,0.7286282582839029,9.096901876368959,85.09517264038398,85.09517264038398,2879.198706982605,640,-0.023204160548422437,0.012245686331415144,-1.0913698422130007e-05,0.999654899511115,7.53584153333764e-05,0.0012985318396997528,0.9999991534849947,7.538436672315749e-05,0.0012989790187674937,0.9999991534849948,1,2,382.34361037400623,233.07617224362696,0.13305059978467676,0.5274269352615936,9.588868721430925,3.127400545077208,85.15238386219312,0.13305059978467676,2873.6707011676335,393953.8132591473,615.5528332174176,640.0,1,0.9999991703022203,0.9999991703022203,7.33497254168491e-05,0.0012860850239761069,1
5.0,246917.25789193058,153104.83999507973,7371.9768326837275,7296.790936323593,3289.7589894992693,75.76728537423249,0.7271639327302883,9.097252361476171,75.76728537423249,75.76728537423249,3258.8901221991528,640,-0.01734606709855103,0.011595220759611802,0.0018564955034436029,0.999778430877696,8.439061230653545e-05,-0.0020737083089955336,0.9999978453582992,8.440913293250131e-05,-0.002074163411463729,0.9999978453582992,1,2,383.44241204571887,237.0181512074784,0.11843739861825932,0.5260640153064697,9.556702140981484,3.095233964627766,75.79993511568597,0.11843739861825932,3237.5112634954826,397170.56041716173,620.5790006518152,640.0,1,0.9999978442446935,0.9999978442446936,8.285711607804518e-05,-0.0020747627970059104,1
5.1,239441.66166080334,160547.5010301167,7477.634778649427,7094.565587087318,3294.7395398905414,99.84392402514823,0.7235682917656528,9.143932572547216,99.84392402514823,99.84392402514823,2398.1595675315593,640,-0.023340028497453515,0.010469482706612793,0.001226570978825994,0.9996715529656891,8.918702332536695e-05,-0.0009522405527438978,0.9999995423415325,8.921628533250023e-05,-0.0009525529801442981,0.9999995423415325,1,2,370.4856502472763,249.95562680379626,0.15610579165109453,0.5166800389137142,9.654868991490167,3.1934008151364495,99.9077066567005,0.15610579165109453,2373.2985581683806,397182.32501934294,620.5973828427234,640.0,1,0.9999995395407413,0.9999995395407414,8.621388985331217e-05,-0.0009557643383600525,1
5.2,246908.85664803654,153067.9695698264,7664.790142345517,6894.427509854365,3097.662669979474,62.05908688593642,0.7285772112305492,9.050987777869578,62.05908688593642,62.05908688593642,3978.609242218645,640,-0.016887170515839444,0.008367536339489718,0.0007474383872733217,0.9998220808623861,-0.00011142367821952157,-0.00020820231943863456,0.9999999721083561,-0.00011144350304368623,-0.0002082393633994829,0.9999999721083562,1,2,383.32169942203234,238.88889812379998,0.09700124236429045,0.5254387311119492,9.492794604864828,3.0313264285111097,62.08079511314589,0.09700124236429045,3951.719483988243,398276.8632244459,622.3075987881967,640.0,1,0.9999999722529719,0.999999972252972,-0.0001092721896239937,-0.000208695097715905,1
5.3,248754.71394787575,151196.65933064354,7573.897999405361,6865.297748872192,3196.662387454514,62.23002960035451,0.729574976526569,9.053186180338317,62.23002960035451,62.23002960035451,3997.3420476479837,640,-0.016407297278532105,0.008212140464027786,-0.00012828446935594763,0.9998316562318111,-6.108110380963382e-06,-6.362037666163282e-05,0.9999999979568814,-6.109138803930431e-06,-6.363108842884892e-05,0.9999999979568815,1,2,388.4312811099114,235.68255096534955,0.09726658844956473,0.5284233664342325,9.493615050432602,3.032146874078885,62.25061660772143,0.09726658844956473,3993.47080329977,399495.10314477474,624.2110986637106,640.0,1,0.9999999978084777,0.9999999978084778,-5.947765518025546e-06,-6.593685298729043e-05,1
5.4,251437.12806069548,149379.42075013596,6315.303513466417,5452.683569637662,3150.9140599020825,112.9224532827408,0.7405846913296495,9.081099417013329,112.9224532827408,112.9224532827408,2226.635365697686,640,-0.029958076177688253,0.009107459868312722,0.0033836027486540297,0.9994970352181556,0.00040107744201807113,-0.003692533807692287,0.9999930952930213,0.00040127650064346364,-0.0036943664480429293,0.9999930952930214,1,2,380.08894980812215,205.29904153167988,0.1766105803944631,0.54181172457946,9.638858483665118,3.1773903073114,113.03077145245638,0.1766105803944631,2152.1301213052257,374761.3452289257,585.5646019201964,640.0,1,0.9999931440093399,0.9999931440093399,0.0003888334000217387,-0.003682491398855096,1
5.5,257753.71025024654,143804.61121250252,5017.6590795279235,4629.302154526388,3306.056388161847,149.80503343262137,0.7514069855128638,9.068368062331912,149.80503343262137,149.80503343262137,1720.5944576366844,640,-0.035411984916119105,0.008276473557116611,0.004802848359735276,0.999314651923977,0.0003543529286943598,-0.004952256198455463,0.9999876581132677,0.0003545915739636406,-0.0049555913832904875,0.9999876581132677,1,4,342.66902869200203,190.39409520557183,0.2343719194990169,0.5371159283320217,9.673393101800341,3.2119249254466227,149.99802847937082,0.2343719194990169,1462.073739142796,341310.39732292655,533.2974958170728,640.0,1,0.9999877765562037,0.9999877765562037,0.00034541332911406167,-0.004932284238773465,1
5.6,271607.3493303924,132143.6740936546,4928.498333340144,3382.188033408812,2205.80453742155,147.4807968941251,0.7706226402330891,8.93765097357463,147.4807968941251,147.4807968941251,1841.6455230125753,640,-0.02999084999163106,0.036079129454726404,0.005793862205804407,0.9988319639827863,0.0004123230317719801,-0.009990706247116328,0.999949894665164,0.00041278451937439015,-0.010001888225121656,0.9999498946651642,1,4,353.7435573626163,89.91115653965628,0.2309289934534214,0.6687999670177001,9.42893212620769,2.9674639498539706,147.7945558101897,0.2309289934534214,1531.8282562642646,284086.81145326456,443.8856428957259,640.0,1,0.9999529932886935,0.9999529932886937,0.0003997378842061154,-0.009687694390603957,1
5.7,274404.6822423705,133821.2754812924,3217.7999892179364,3051.9035814014014,787.1900261503462,135.4430778339391,0.7861960081302776,8.667376457914925,135.4430778339391,135.4430778339391,2025.9778988395865,640,-0.03218830980203869,0.14407869330170453,0.007897506402548254,0.988449262215203,0.0006765668784470548,-0.03332372315127854,0.9994319623885731,0.0006840842407004945,-0.033693984401927536,0.9994319623885731,1,4,215.0992655323535,26.975101011421973,0.21560109220217205,0.7859584431548774,8.838823642619943,2.3773554662662253,137.98469900939008,0.21560109220217205,997.6724298346876,155065.57928702573,242.2899676359777,640.0,1,0.9995852401797695,0.9995852401797695,0.0006686944581851019,-0.028790631505306898,0
5.8,263858.42950687086,145950.0427617665,3438.9116017796423,2838.2139261149955,639.5799492911696,145.18223249271202,0.7794703369581828,8.651243674816955,145.18223249271202,145.18223249271202,1817.4292058783174,640,-0.033234762440746156,0.0919235891091901,0.010518616008906327,0.9949117855516613,0.0014837936946619987,-0.02198181918599952,0.999754900322205,0.001491016629663289,-0.022088824123250424,0.9997549003222052,1,4,160.13883866266366,23.711449234281716,0.2286301105585704,0.7589176597587871,8.71700840886122,2.2555402325075047,146.32327075748503,0.2286301105585704,700.4275957852863,117810.50752480251,184.07891800750394,640.0,1,0.9998348689544265,0.9998348689544266,0.0014313053258254475,-0.018115909801852337,0
5.9,255487.96293962153,156556.94087474665,3316.4662044160495,1734.948357671937,470.7925706621873,38.7817477724273,0.7815969994360751,8.298643949722164,38.7817477724273,38.7817477724273,6587.840353117506,640,-0.008631332333298155,0.0018086424604795953,0.004265048491365626,0.9999508498781386,0.0005985881974358567,-0.0014063413976437883,0.9999988318352402,0.0005986169202807989,-0.001406408879973165,0.9999988318352403,1,4,95.9419298586705,16.296984751165194,0.060602203166617324,0.7400310169935982,7.978774632897953,1.517306456544236,38.785410026635084,0.060602203166617324,1583.1426061341617,71871.69076032146,112.2995168130023,640.0,1,0.9999988830552898,0.9999988830552898,0.000584988565116072,-0.0013753823292515495,1
