lag_seconds,formal_lag,lag_selected_from_statistics,overlap_count,trajectory_position_consistency_rmse_m,future_growth_count,future_growth_median_m,actual_horizon_median_seconds,alignment_rotation_det,alignment_translation_norm_m,odi_risk_spearman,ais_risk_spearman,lambda_min_risk_spearman,condition_risk_spearman,lambda_ratio_risk_spearman,entropy_risk_spearman,effective_rank_risk_spearman
-2.0,False,False,1701,1.7090466086572662,278,-0.4441889937879965,5.053862571716309,1.0000000000000013,1.1583314641132934,-0.35352279490021576,-0.32608351422972487,-0.3414952444705468,-0.3526129370173361,-0.3526129370173361,-0.35352279490021576,-0.35352279490021576
-1.95,False,False,1702,1.6740771041634066,278,-0.431299301967214,5.053844928741455,1.000000000000002,1.1266197855903786,-0.35305809154935275,-0.32602542631086695,-0.3415242884299757,-0.35241074637669617,-0.35241074637669617,-0.35305809154935275,-0.35305809154935275
-1.9,False,False,1702,1.6390947198100987,278,-0.42029683248822836,5.053844928741455,1.0000000000000009,1.0965254914164453,-0.3530340744290557,-0.32608128007899956,-0.34200630644895985,-0.3527268787043266,-0.3527268787043266,-0.3530340744290557,-0.3530340744290557
-1.85,False,False,1703,1.6040017344517588,278,-0.40748735478913245,5.053827285766602,1.0000000000000002,1.065741208148632,-0.35179132808810587,-0.3248698118482039,-0.3410333338080903,-0.3515656788648503,-0.3515656788648503,-0.35179132808810587,-0.35179132808810587
-1.8,False,False,1703,1.5688880594184087,278,-0.3925916924056229,5.053827285766602,1.0000000000000016,1.0366300988846915,-0.35163382046197206,-0.3248413264264563,-0.3411684999269711,-0.3515947228242792,-0.3515947228242792,-0.35163382046197206,-0.35163382046197206
-1.75,False,False,1704,1.5336720667361012,278,-0.3683378579169404,5.053804278373718,0.999999999999999,1.0069411338072263,-0.3514701689213436,-0.32504239999173357,-0.3413952662255894,-0.3515746154677516,-0.3515746154677516,-0.3514701689213436,-0.3514701689213436
-1.7,False,False,1704,1.4984448469513931,278,-0.3453821802947012,5.053804278373718,1.0000000000000013,0.9789743669802821,-0.3510160777864258,-0.32480502147717016,-0.3414729029632937,-0.3514288371329255,-0.3514288371329255,-0.3510160777864258,-0.3510160777864258
-1.65,False,False,1705,1.4631231797201953,278,-0.3280868617997129,5.053781270980835,0.9999999999999994,0.9505492578911665,-0.3503921911963849,-0.32438164991472523,-0.341276297699467,-0.35116409027197715,-0.35116409027197715,-0.3503921911963849,-0.3503921911963849
-1.6,False,False,1705,1.4277821550408707,278,-0.31412077848889136,5.053781270980835,0.9999999999999992,0.9239506419540563,-0.3505379695312109,-0.3245050867422982,-0.34147681272706304,-0.35136292968652905,-0.35136292968652905,-0.3505379695312109,-0.3505379695312109
-1.55,False,False,1706,1.3923486933978577,278,-0.3037662134321495,5.053747296333313,1.0000000000000009,0.8970046354174674,-0.35011571504412864,-0.32434757911616435,-0.3416834716691535,-0.3514087297763978,-0.3514087297763978,-0.35011571504412864,-0.35011571504412864
-1.5,False,False,1706,1.3569083920307756,278,-0.2930089303261607,5.053747296333313,0.9999999999999994,0.8720344481939809,-0.34857526811903217,-0.3230366911780928,-0.3407797577007684,-0.3504480449645175,-0.3504480449645175,-0.34857526811903217,-0.34857526811903217
-1.45,False,False,1707,1.321390592431751,278,-0.2822398743689926,5.053713321685791,0.9999999999999996,0.8468105211323115,-0.34703817242002366,-0.3216369957486904,-0.34005254163968224,-0.34960409452803426,-0.34960409452803426,-0.34703817242002366,-0.34703817242002366
-1.4,False,False,1707,1.2858847639160023,278,-0.26880867351578513,5.053713321685791,1.0,0.8237329419439554,-0.34622996839514525,-0.32096954321950616,-0.339580577298962,-0.34908297887135725,-0.34908297887135725,-0.34622996839514525,-0.34622996839514525
-1.35,False,False,1708,1.250297889800562,278,-0.24881780896743,5.053663492202759,0.9999999999999982,0.8005313411743731,-0.34473476302223616,-0.3196876992408635,-0.33833727242033085,-0.3477413713608128,-0.3477413713608128,-0.34473476302223616,-0.34473476302223616
-1.3,False,False,1708,1.2147483223832711,278,-0.25083688806244414,5.053663492202759,0.9999999999999999,0.7796632810966209,-0.3432686016087561,-0.3182969404143623,-0.33732240945336195,-0.34665669118367815,-0.34665669118367815,-0.3432686016087561,-0.3432686016087561
-1.25,False,False,1709,1.1791325349710589,278,-0.2500907683455994,5.053613662719727,1.0000000000000009,0.7588181162056293,-0.34209567247797196,-0.31745019728947244,-0.33631983431538215,-0.345682601467446,-0.345682601467446,-0.34209567247797196,-0.34209567247797196
-1.2,False,False,1709,1.1435760967137585,278,-0.2567129082602811,5.053613662719727,1.0000000000000009,0.7405389430182227,-0.3420359089460701,-0.3177534832504323,-0.3368163743140808,-0.34604732657335174,-0.34604732657335174,-0.3420359089460701,-0.3420359089460701
-1.15,False,False,1710,1.107952069186152,278,-0.25355730410015576,5.053606748580933,1.0000000000000002,0.7224929892240388,-0.3401005758802763,-0.3162409632094022,-0.3357166136195504,-0.3446783507164223,-0.3446783507164223,-0.3401005758802763,-0.3401005758802763
-1.1,False,False,1710,1.072409902278512,278,-0.25693518981035446,5.053606748580933,0.9999999999999988,0.7071905377450489,-0.3389840590553061,-0.3156578498700981,-0.33543790331656875,-0.34405949096551336,-0.34405949096551336,-0.3389840590553061,-0.3389840590553061
-1.05,False,False,1711,1.0368171779944322,278,-0.2563525360325934,5.053599834442139,1.000000000000001,0.6922864876290283,-0.33800382542457935,-0.31505239502354093,-0.3351061319338613,-0.3434841971537478,-0.3434841971537478,-0.33800382542457935,-0.33800382542457935
-1.0,False,False,1711,1.001342128922109,278,-0.25731734025496344,5.053599834442139,1.0,0.680385719316712,-0.33656279820675883,-0.3139632465449557,-0.3346285822163278,-0.34283852759413525,-0.34283852759413525,-0.33656279820675883,-0.33656279820675883
-0.95,False,False,1712,0.9658291461143546,278,-0.25825780732451004,5.053529143333435,1.0,0.6689988830061351,-0.3342610644220154,-0.3119664743342161,-0.33316242080284764,-0.3411623560124765,-0.3411623560124765,-0.3342610644220154,-0.3342610644220154
-0.9,False,False,1712,0.9304847130573869,278,-0.2548127378162118,5.053529143333435,0.9999999999999989,0.6608753593484102,-0.33277647126505155,-0.31045674698159254,-0.33215090906196665,-0.34029997383250954,-0.34029997383250954,-0.33277647126505155,-0.33277647126505155
-0.85,False,False,1713,0.8951242986604934,278,-0.2514751071041866,5.0534584522247314,1.000000000000001,0.6533384504281674,-0.33037866899912005,-0.3084063551534456,-0.33090760418333554,-0.3389175930712284,-0.3389175930712284,-0.33037866899912005,-0.33037866899912005
-0.8,False,False,1713,0.8599713306688767,278,-0.24830419454113858,5.0534584522247314,1.0,0.6492439803946501,-0.32849025309855756,-0.306850269173272,-0.32964642609890193,-0.337559229430244,-0.337559229430244,-0.32849025309855756,-0.32849025309855756
-0.75,False,False,1714,0.8248495700630495,278,-0.24772384506926665,5.053447246551514,1.0000000000000004,0.6457796678838865,-0.3276591490287449,-0.30606161396724,-0.32924595458139133,-0.33735257048815354,-0.33735257048815354,-0.3276591490287449,-0.3276591490287449
-0.7,False,False,1714,0.7899908995844349,278,-0.24125858495461283,5.053447246551514,0.9999999999999996,0.6458788781880979,-0.32610641427465925,-0.30450720360011047,-0.32801773022015596,-0.33635334657626176,-0.33635334657626176,-0.32610641427465925,-0.32610641427465925
-0.65,False,False,1715,0.7552383119619994,278,-0.22401658984952189,5.053436040878296,0.9999999999999998,0.6465555810124499,-0.32309757178535725,-0.30209432081678317,-0.32570929398323656,-0.33403709081180377,-0.33403709081180377,-0.32309757178535725,-0.32309757178535725
-0.6,False,False,1715,0.7207895081130639,278,-0.20242912583394043,5.053436040878296,1.0000000000000002,0.6508234227970897,-0.3189275294565791,-0.29857832611283747,-0.32226479210250053,-0.33032281523098744,-0.33032281523098744,-0.3189275294565791,-0.3189275294565791
-0.55,False,False,1716,0.6865560958762936,278,-0.1838578618475492,5.0532989501953125,0.9999999999999993,0.6555412295398021,-0.3117815983616973,-0.29192614232824754,-0.3156427693527023,-0.3235203848101209,-0.3235203848101209,-0.3117815983616973,-0.3117815983616973
-0.5,False,False,1716,0.6527087194231681,278,-0.17752901360058057,5.0532989501953125,0.9999999999999996,0.6638012560679363,-0.30720549913859524,-0.28809233968362746,-0.31215246738209756,-0.3197871189481395,-0.3197871189481395,-0.30720549913859524,-0.30720549913859524
-0.45,False,False,1717,0.6192479551032601,278,-0.17396477459611331,5.053161859512329,0.9999999999999994,0.672382082445795,-0.30162682477751346,-0.2835642747011195,-0.30777353196050355,-0.3151473464293663,-0.3151473464293663,-0.30162682477751346,-0.30162682477751346
-0.4,False,False,1717,0.586284990265657,278,-0.1702370759652873,5.053161859512329,0.9999999999999986,0.6843581237508541,-0.2958437256250665,-0.2793071004940545,-0.30379395098105744,-0.3105840935729348,-0.3105840935729348,-0.2958437256250665,-0.2958437256250665
-0.35,False,False,1718,0.553963945406392,278,-0.1555423791039386,5.053136825561523,0.9999999999999999,0.6964138752893769,-0.2939938488245155,-0.27976733554346694,-0.3044870962435827,-0.310349507746778,-0.310349507746778,-0.2939938488245155,-0.2939938488245155
-0.3,False,False,1718,0.5222801506613465,278,-0.14285404861010942,5.053136825561523,0.9999999999999991,0.7117387975275369,-0.28424569067233696,-0.2724918237065175,-0.29666198332820876,-0.30162682477751346,-0.30162682477751346,-0.28424569067233696,-0.28424569067233696
-0.25,False,False,1719,0.4915650386345677,278,-0.12401860978660077,5.053111791610718,0.9999999999999998,0.727043682632675,-0.2690193949417152,-0.2595896032678922,-0.2831638031836089,-0.2872863698094744,-0.2872863698094744,-0.2690193949417152,-0.2690193949417152
-0.2,False,False,1719,0.4617656715457252,278,-0.10725199811238961,5.053111791610718,0.9999999999999997,0.745326600677778,-0.25353561334000224,-0.24622714777985458,-0.2685798257865118,-0.27169088067149627,-0.27169088067149627,-0.25353561334000224,-0.25353561334000224
-0.15,False,False,1719,0.43320744500331226,278,-0.09332718963198794,5.053111791610718,0.9999999999999998,0.7649979241194005,-0.24033122401577978,-0.23521892861860505,-0.25658746323076626,-0.2588283164082453,-0.2588283164082453,-0.24033122401577978,-0.24033122401577978
-0.1,False,False,1719,0.40615465930427974,278,-0.0736349504343092,5.053111791610718,1.0000000000000004,0.7858067458027221,-0.22620468897968848,-0.22376723053838282,-0.24354114007035899,-0.2450329942171801,-0.2450329942171801,-0.22620468897968848,-0.22620468897968848
-0.05,False,False,1719,0.3809351962996426,278,-0.05594293230328404,5.053111791610718,0.9999999999999998,0.8077911416496524,-0.20525394055315896,-0.2049595911951003,-0.22202515151032773,-0.22320757578169442,-0.22320757578169442,-0.20525394055315896,-0.20525394055315896
0.0,True,False,1719,0.35795646327948843,278,-0.03496600694670554,5.053111791610718,1.0000000000000004,0.8307277105748242,-0.17295426497977115,-0.1759882416647327,-0.18809175321906207,-0.18844419049597866,-0.18844419049597866,-0.17295426497977115,-0.17295426497977115
0.05,False,False,1719,0.3376631136151896,278,-0.01868919919478143,5.053111791610718,0.9999999999999992,0.8546629319369182,-0.10974455558413404,-0.11591918965119041,-0.1225300416473622,-0.12129846606003887,-0.12129846606003887,-0.10974455558413404,-0.10974455558413404
0.1,False,False,1719,0.3206098334842919,278,-0.006264079242780718,5.053111791610718,1.0000000000000004,0.8794119317368577,0.02337619830768668,0.014555212706508835,0.015422063187926424,0.018499047274350075,0.018499047274350075,0.02337619830768668,0.02337619830768668
0.15,False,False,1718,0.3072276537864054,278,-0.0008480239655429267,5.053136825561523,1.0000000000000007,0.9049388808766573,0.2532892982225376,0.24429516594014875,0.25331834218196647,0.25696056640189185,0.25696056640189185,0.2532892982225376,0.2532892982225376
0.2,False,False,1718,0.29822065208015824,278,0.002781748519993049,5.053136825561523,1.0000000000000002,0.9312465317037493,0.49220211579659057,0.48492883811036647,0.5020368472893747,0.5071173060387139,0.5071173060387139,0.49220211579659057,0.49220211579659057
0.25,False,False,1717,0.29380343202522524,278,0.017222793816564774,5.053161859512329,1.0000000000000009,0.9582545185525075,0.5845378896603225,0.5726577931785235,0.5958762045912356,0.6031975165180538,0.6031975165180538,0.5845378896603225,0.5845378896603225
0.3,False,False,1717,0.29433337275306404,278,0.03471574360398025,5.053161859512329,0.9999999999999996,0.9858756952754999,0.6072569683859294,0.5935236438774915,0.6216923747597938,0.6291270698359211,0.6291270698359211,0.6072569683859294,0.6072569683859294
0.35,False,False,1716,0.29960213407936537,278,0.05449239666036966,5.0532989501953125,0.9999999999999998,1.0141482552449355,0.6030869260571512,0.5932248262179821,0.6258004194059449,0.6299933617796574,0.6299933617796574,0.6030869260571512,0.6030869260571512
0.4,False,False,1716,0.3095300940783085,278,0.060775890088691165,5.0532989501953125,1.0000000000000007,1.0428893645324058,0.5844982334849483,0.579671350842931,0.6140482280531694,0.6140878842285434,0.6140878842285434,0.5844982334849483,0.5844982334849483
0.45,False,False,1715,0.32350250958152604,278,0.03323978267278625,5.053436040878296,1.0000000000000002,1.0722387742691033,0.562844844655311,0.5688340442121672,0.5923613269626524,0.5884554729571414,0.5884554729571414,0.562844844655311,0.562844844655311
0.5,False,False,1715,0.34121235637629305,278,0.02265000416664245,5.053436040878296,1.0,1.1018995286573872,0.5030511517186622,0.5155126859267215,0.5283227476479279,0.5234997747696799,0.5234997747696799,0.5030511517186622,0.5030511517186622
0.55,False,False,1714,0.36183529661855096,278,-0.0012701144878252413,5.053447246551514,0.9999999999999992,1.1322030794223783,0.44264865270936854,0.4579771608356729,0.457324230286203,0.45349266179230824,0.45349266179230824,0.44264865270936854,0.44264865270936854
0.6,False,False,1714,0.3851890928338861,278,-0.027513728706924395,5.053447246551514,1.0,1.1626996989027316,0.40399840369930673,0.4205556947245277,0.40682348729145246,0.4041246332152864,0.4041246332152864,0.40399840369930673,0.40399840369930673
0.65,False,False,1713,0.41047851131322877,278,-0.03659898964113792,5.0534584522247314,0.999999999999999,1.1938074498106712,0.3627241446623765,0.38030858648355564,0.3572046752955153,0.3552235421398528,0.3552235421398528,0.3627241446623765,0.3627241446623765
0.7,False,False,1713,0.43771753059126695,278,-0.0766021603282864,5.0534584522247314,1.0000000000000002,1.22500143459,0.3194592573292013,0.3381909355478235,0.3085141529259415,0.3070094524124499,0.3070094524124499,0.3194592573292013,0.3194592573292013
0.75,False,False,1712,0.4661235841134325,278,-0.12661245863486534,5.053529143333435,1.0000000000000002,1.2568369469279939,0.27270015826165195,0.29282482945750066,0.25766544095572497,0.2560456816798803,0.2560456816798803,0.27270015826165195,0.27270015826165195
0.8,False,False,1712,0.4959457549659465,278,-0.1486466759164171,5.053529143333435,0.9999999999999998,1.288622576194464,0.23279710923237654,0.2530301367384024,0.2117972094898903,0.21084155151714193,0.21084155151714193,0.23279710923237654,0.23279710923237654
0.85,False,False,1711,0.5264399024335469,278,-0.1917336737468794,5.053599834442139,0.9999999999999998,1.3210844887649886,0.20324823173951814,0.22380074279926238,0.17914397956422332,0.17857147844086438,0.17857147844086438,0.20324823173951814,0.20324823173951814
0.9,False,False,1711,0.5580232832602556,278,-0.21110940060699193,5.053599834442139,1.0000000000000004,1.3533899335083275,0.16405508410320768,0.1851097205384638,0.13611814635865546,0.13572326021795816,0.13572326021795816,0.16405508410320768,0.16405508410320768
0.95,False,False,1710,0.5898931917885171,278,-0.2215630585722806,5.053606748580933,1.0,1.386424032463433,0.13287471804319673,0.15340265344496265,0.10147317106138078,0.1014391002628199,0.1014391002628199,0.13287471804319673,0.13287471804319673
1.0,False,False,1710,0.6226699119260944,278,-0.2356776610829076,5.053606748580933,0.9999999999999988,1.4192052888818736,0.11158717139482775,0.13185650385013986,0.07697068151930067,0.07694052048450908,0.07694052048450908,0.11158717139482775,0.11158717139482775
1.05,False,False,1709,0.6554926986544101,278,-0.25047496498838034,5.053613662719727,1.0000000000000002,1.4527397068477987,0.0941691738026837,0.11365934619254635,0.05716605241485163,0.057412926069997615,0.057412926069997615,0.0941691738026837,0.0941691738026837
1.1,False,False,1709,0.6891294135353995,278,-0.2572030101357663,5.053613662719727,0.9999999999999987,1.4859034723692737,0.07216893307294306,0.09105756038001786,0.03346841567156197,0.03377281870788451,0.03377281870788451,0.07216893307294306,0.07216893307294306
1.15,False,False,1708,0.7225712917348143,278,-0.2591862901919775,5.053663492202759,1.0000000000000007,1.5198998154090702,0.050480914907063516,0.06841165009066462,0.01021314077188232,0.010599648847359748,0.010599648847359748,0.050480914907063516,0.050480914907063516
1.2,False,False,1708,0.7567907671892772,278,-0.2680332763919127,5.053663492202759,1.0000000000000002,1.5534115091997407,0.03323885668453708,0.050139089846092146,-0.008535293577179713,-0.00788124595234724,-0.00788124595234724,0.03323885668453708,0.03323885668453708
1.25,False,False,1707,0.7906521965302707,278,-0.2715259961056322,5.053713321685791,1.0,1.5878181712552115,0.017524399020436614,0.03400628745867869,-0.025087557763268827,-0.02435363925000677,-0.02435363925000677,0.017524399020436614,0.017524399020436614
1.3,False,False,1707,0.8252706121413719,278,-0.2731580893114148,5.053713321685791,1.0,1.621638739585468,0.004158592306311001,0.01968258862107938,-0.0398050256662028,-0.03874212845863986,-0.03874212845863986,0.004158592306311001,0.004158592306311001
1.35,False,False,1706,0.8593964233017626,278,-0.2874400670793825,5.053747296333313,0.9999999999999989,1.6564328564243231,-0.005007011044244841,0.010172926058826862,-0.04990729670834195,-0.04873827734132712,-0.04873827734132712,-0.005007011044244841,-0.005007011044244841
1.4,False,False,1706,0.8942956955904082,278,-0.28501163320682266,5.053747296333313,0.9999999999999991,1.6905497753406014,-0.016378838236037464,-0.0013167525837254964,-0.06112049919863806,-0.05993304808813948,-0.05993304808813948,-0.016378838236037464,-0.016378838236037464
1.45,False,False,1705,0.9286025074846224,278,-0.2847387049019664,5.053781270980835,1.000000000000001,1.72569545049449,-0.025117160260379096,-0.010460014427028307,-0.07002638252737742,-0.0687797264226583,-0.0687797264226583,-0.025117160260379096,-0.025117160260379096
1.5,False,False,1705,0.9637298612116424,278,-0.28711590993904057,5.053781270980835,0.9999999999999998,1.7600372898149859,-0.0363845409057638,-0.021594463104257482,-0.08096199179005462,-0.07990635557234892,-0.07990635557234892,-0.0363845409057638,-0.0363845409057638
1.55,False,False,1704,0.9981318887479519,278,-0.2896106208986071,5.053804278373718,0.9999999999999998,1.7955016898239364,-0.04330817400347801,-0.0290168703513956,-0.08830229399803785,-0.08709194284260492,-0.08709194284260492,-0.04330817400347801,-0.04330817400347801
1.6,False,False,1704,1.0333889598203867,278,-0.2907715885985945,5.053804278373718,0.9999999999999992,1.8300561000744946,-0.04987210883441843,-0.0360030596694183,-0.09504328527395854,-0.09364694107064411,-0.09364694107064411,-0.04987210883441843,-0.04987210883441843
1.65,False,False,1703,1.0678142140963036,278,-0.3018526702114489,5.053827285766602,1.0000000000000004,1.8658361480089765,-0.056801327308945895,-0.043245059245488195,-0.10206689661663004,-0.10047171299876367,-0.10047171299876367,-0.056801327308945895,-0.056801327308945895
1.7,False,False,1703,1.1031590536315066,278,-0.3085533876054694,5.053827285766602,0.9999999999999987,1.9006104737952765,-0.06420027597346833,-0.05122377002322679,-0.109477016034779,-0.10769472229366847,-0.10769472229366847,-0.06420027597346833,-0.06420027597346833
1.75,False,False,1702,1.1375613261449553,278,-0.32063076158818016,5.053844928741455,0.9999999999999991,1.9366814057699013,-0.06949521319243661,-0.05674156377704404,-0.11454853818121698,-0.11272100288791907,-0.11272100288791907,-0.06949521319243661,-0.06949521319243661
1.8,False,False,1702,1.172942911869057,278,-0.3285860783565732,5.053844928741455,0.9999999999999994,1.971640483523163,-0.07642331459160143,-0.06394055595165185,-0.12144033463109563,-0.11952455038414823,-0.11952455038414823,-0.07642331459160143,-0.07642331459160143
1.85,False,False,1701,1.2072973168106529,278,-0.328288513893955,5.053862571716309,1.0000000000000009,2.0079804510183115,-0.08122282888723376,-0.06931592259673103,-0.12650850555144563,-0.12435310863920951,-0.12435310863920951,-0.08122282888723376,-0.08122282888723376
1.9,False,False,1701,1.2427038869339817,278,-0.32513863041655894,5.053862571716309,1.0000000000000002,2.04310948852673,-0.08731926767890451,-0.07592007214072692,-0.1329065546910323,-0.13057577694685987,-0.13057577694685987,-0.08731926767890451,-0.08731926767890451
1.95,False,False,1700,1.2769666768853603,278,-0.334658643637619,5.053866386413574,0.9999999999999993,2.0797014197474333,-0.08950370855056956,-0.07858820664442011,-0.13536914732799762,-0.13284232285767986,-0.13284232285767986,-0.08950370855056956,-0.08950370855056956
2.0,False,False,1700,1.3123586810954753,278,-0.33823793598552393,5.053866386413574,0.9999999999999994,2.114984595990594,-0.09410550050701257,-0.08355528224445015,-0.13990894160181344,-0.1372396900227576,-0.1372396900227576,-0.09410550050701257,-0.09410550050701257
