claim_id,claim_text,claim_status,allowed_wording,forbidden_wording,primary_evidence,blocking_evidence,paper_section
C24-01,weak-direction geometry can be diagnosed in synthetic tunnel-like scenes,allowed,Synthetic tunnel-like scenes expose weak information directions in a reproducible diagnostic setting.,Do not present this as real-world estimator validation.,Day9/Day14 weak-direction and alignment artifacts,synthetic scope,benchmark design / results
C24-02,legacy biased toy_lio is diagnostic only,diagnostic_only,Legacy biased toy_lio is useful only as a bias-audit lesson.,Do not use legacy biased toy_lio as main metric evidence.,Day15 bias audit,scene-family-dependent axis_bias,limitations
C24-03,unbiased toy_lio protocol is established,allowed,The unbiased toy_lio protocol is established for synthetic diagnostic probes.,Do not call toy_lio a real LIO estimator.,Day16 protocol and Day17-18 zero-bias rows,synthetic probe only,methods
C24-04,ODI robustly predicts drift,forbidden,ODI remains an exploratory diagnostic in this package.,Do not state ODI robustly predicts drift unless controlled and grouped gates pass,weak-direction geometry and exploratory merged signals,"Day19 LOSO, Day20 controlled screen, Day23 claim boundary",not allowed
C24-05,ODI is superior to AIS/lambda_min,forbidden,"ODI should be reported beside AIS, lambda_min_clamped, and condition_number.",Do not claim ODI superiority over AIS/lambda_min_clamped.,metric comparison tables,AIS/lambda_min/condition_number remain competitive,not allowed
C24-06,joint risk predicts drift,forbidden,Joint risk features are exploratory diagnostics only.,Do not present joint risk as validated drift prediction.,Day21 joint risk tables,all joint features exploratory_not_validated,not allowed
C24-07,Degen-LIO estimator update is ready,forbidden,"The current package supports diagnostics, not an estimator update.",Do not claim a validated Degen-LIO estimator method.,Day22 method gate and Day23 Route B,method_update_authorized=false,not allowed
C24-08,diagnostic benchmark package is reproducible,conditional,The diagnostic package is reproducible under the recorded scripts/manifests and smoke CI plotting path.,Do not imply full real-data or estimator validation.,Day13/Day14 reproduction and Day15-23 manifests,smoke plot/sensitivity mode and synthetic scope,artifact / reproducibility
C24-09,negative metric-validity evidence is informative,allowed,Negative validity screens identify where metric redesign is needed.,Do not hide or weaken the No-Go outcome.,Day18-23 failure and gate tables,limited benchmark diversity,discussion / failure analysis
