scene_variant,geometry_seed,noise_condition,registration_backend,trial_count,translation_repeatability_covariance,translation_repeatability_rms_m,rotation_repeatability_covariance,rotation_repeatability_rms_rad,translation_error_median_m,translation_error_iqr_m,translation_error_q95_m,rotation_error_median_rad,rotation_error_iqr_rad,rotation_error_q95_rad
END_FACE_TRANSITION_ABSENT,1850310744,DROPOUT_ONLY,native_frozen,1,"[[0.0,0.0,0.0],[0.0,0.0,0.0],[0.0,0.0,0.0]]",0.0,"[[0.0,0.0,0.0],[0.0,0.0,0.0],[0.0,0.0,0.0]]",0.0,0.0934707666623072,0.0,0.0934707666623072,5.78970833641212e-05,0.0,5.78970833641212e-05
END_FACE_TRANSITION_ABSENT,1850310744,DROPOUT_ONLY,native_full,1,"[[0.0,0.0,0.0],[0.0,0.0,0.0],[0.0,0.0,0.0]]",0.0,"[[0.0,0.0,0.0],[0.0,0.0,0.0],[0.0,0.0,0.0]]",0.0,0.0014315905263536,0.0,0.0014315905263536,0.0003657448934188,0.0,0.0003657448934188
END_FACE_TRANSITION_ABSENT,1850310744,DROPOUT_ONLY,open3d_full,1,"[[0.0,0.0,0.0],[0.0,0.0,0.0],[0.0,0.0,0.0]]",0.0,"[[0.0,0.0,0.0],[0.0,0.0,0.0],[0.0,0.0,0.0]]",0.0,0.020480322121215,0.0,0.020480322121215,0.0002141591616509,0.0,0.0002141591616509
END_FACE_TRANSITION_ABSENT,1850310744,FULL_NOISE,native_frozen,1,"[[0.0,0.0,0.0],[0.0,0.0,0.0],[0.0,0.0,0.0]]",0.0,"[[0.0,0.0,0.0],[0.0,0.0,0.0],[0.0,0.0,0.0]]",0.0,0.0860769797575124,0.0,0.0860769797575124,6.057092355207745e-05,0.0,6.057092355207745e-05
END_FACE_TRANSITION_ABSENT,1850310744,FULL_NOISE,native_full,1,"[[0.0,0.0,0.0],[0.0,0.0,0.0],[0.0,0.0,0.0]]",0.0,"[[0.0,0.0,0.0],[0.0,0.0,0.0],[0.0,0.0,0.0]]",0.0,0.238245448686256,0.0,0.238245448686256,0.0002392343490597,0.0,0.0002392343490597
END_FACE_TRANSITION_ABSENT,1850310744,FULL_NOISE,open3d_full,1,"[[0.0,0.0,0.0],[0.0,0.0,0.0],[0.0,0.0,0.0]]",0.0,"[[0.0,0.0,0.0],[0.0,0.0,0.0],[0.0,0.0,0.0]]",0.0,0.1092693265351859,0.0,0.1092693265351859,0.0002317481018494,0.0,0.0002317481018494
END_FACE_TRANSITION_ABSENT,1850310744,IDEAL_MATCHED,native_frozen,1,"[[0.0,0.0,0.0],[0.0,0.0,0.0],[0.0,0.0,0.0]]",0.0,"[[0.0,0.0,0.0],[0.0,0.0,0.0],[0.0,0.0,0.0]]",0.0,0.0471998153219085,0.0,0.0471998153219085,0.0001056786589759,0.0,0.0001056786589759
END_FACE_TRANSITION_ABSENT,1850310744,IDEAL_MATCHED,native_full,1,"[[0.0,0.0,0.0],[0.0,0.0,0.0],[0.0,0.0,0.0]]",0.0,"[[0.0,0.0,0.0],[0.0,0.0,0.0],[0.0,0.0,0.0]]",0.0,0.1299956063902019,0.0,0.1299956063902019,0.000123468410258,0.0,0.000123468410258
END_FACE_TRANSITION_ABSENT,1850310744,IDEAL_MATCHED,open3d_full,1,"[[0.0,0.0,0.0],[0.0,0.0,0.0],[0.0,0.0,0.0]]",0.0,"[[0.0,0.0,0.0],[0.0,0.0,0.0],[0.0,0.0,0.0]]",0.0,9.466801657747177e-17,0.0,9.466801657747177e-17,1.6597457184626133e-19,0.0,1.6597457184626133e-19
END_FACE_TRANSITION_ABSENT,1850310744,INDEPENDENT_NOISE_FREE,native_frozen,1,"[[0.0,0.0,0.0],[0.0,0.0,0.0],[0.0,0.0,0.0]]",0.0,"[[0.0,0.0,0.0],[0.0,0.0,0.0],[0.0,0.0,0.0]]",0.0,0.0934951730467928,0.0,0.0934951730467928,5.9081157580240224e-05,0.0,5.9081157580240224e-05
END_FACE_TRANSITION_ABSENT,1850310744,INDEPENDENT_NOISE_FREE,native_full,1,"[[0.0,0.0,0.0],[0.0,0.0,0.0],[0.0,0.0,0.0]]",0.0,"[[0.0,0.0,0.0],[0.0,0.0,0.0],[0.0,0.0,0.0]]",0.0,0.0016168274903652,0.0,0.0016168274903652,0.0003690900019412,0.0,0.0003690900019412
END_FACE_TRANSITION_ABSENT,1850310744,INDEPENDENT_NOISE_FREE,open3d_full,1,"[[0.0,0.0,0.0],[0.0,0.0,0.0],[0.0,0.0,0.0]]",0.0,"[[0.0,0.0,0.0],[0.0,0.0,0.0],[0.0,0.0,0.0]]",0.0,0.0199974773510439,0.0,0.0199974773510439,0.0002121052910513,0.0,0.0002121052910513
END_FACE_TRANSITION_ABSENT,1850310744,MAP_NOISE_ONLY,native_frozen,1,"[[0.0,0.0,0.0],[0.0,0.0,0.0],[0.0,0.0,0.0]]",0.0,"[[0.0,0.0,0.0],[0.0,0.0,0.0],[0.0,0.0,0.0]]",0.0,0.0869281559011369,0.0,0.0869281559011369,7.250948126579275e-05,0.0,7.250948126579275e-05
END_FACE_TRANSITION_ABSENT,1850310744,MAP_NOISE_ONLY,native_full,1,"[[0.0,0.0,0.0],[0.0,0.0,0.0],[0.0,0.0,0.0]]",0.0,"[[0.0,0.0,0.0],[0.0,0.0,0.0],[0.0,0.0,0.0]]",0.0,0.0456684563013749,0.0,0.0456684563013749,0.0001427298870118,0.0,0.0001427298870118
END_FACE_TRANSITION_ABSENT,1850310744,MAP_NOISE_ONLY,open3d_full,1,"[[0.0,0.0,0.0],[0.0,0.0,0.0],[0.0,0.0,0.0]]",0.0,"[[0.0,0.0,0.0],[0.0,0.0,0.0],[0.0,0.0,0.0]]",0.0,0.0281709090153024,0.0,0.0281709090153024,0.0002148563154309,0.0,0.0002148563154309
END_FACE_TRANSITION_ABSENT,1850310744,SCAN_NOISE_ONLY,native_frozen,1,"[[0.0,0.0,0.0],[0.0,0.0,0.0],[0.0,0.0,0.0]]",0.0,"[[0.0,0.0,0.0],[0.0,0.0,0.0],[0.0,0.0,0.0]]",0.0,0.0902433288477822,0.0,0.0902433288477822,7.02622430436273e-05,0.0,7.02622430436273e-05
END_FACE_TRANSITION_ABSENT,1850310744,SCAN_NOISE_ONLY,native_full,1,"[[0.0,0.0,0.0],[0.0,0.0,0.0],[0.0,0.0,0.0]]",0.0,"[[0.0,0.0,0.0],[0.0,0.0,0.0],[0.0,0.0,0.0]]",0.0,0.2354152638180742,0.0,0.2354152638180742,0.0002038734786194,0.0,0.0002038734786194
END_FACE_TRANSITION_ABSENT,1850310744,SCAN_NOISE_ONLY,open3d_full,1,"[[0.0,0.0,0.0],[0.0,0.0,0.0],[0.0,0.0,0.0]]",0.0,"[[0.0,0.0,0.0],[0.0,0.0,0.0],[0.0,0.0,0.0]]",0.0,0.0200722857073601,0.0,0.0200722857073601,0.0001894970095745,0.0,0.0001894970095745
END_FACE_TRANSITION_PRESENT,1850310744,DROPOUT_ONLY,native_frozen,1,"[[0.0,0.0,0.0],[0.0,0.0,0.0],[0.0,0.0,0.0]]",0.0,"[[0.0,0.0,0.0],[0.0,0.0,0.0],[0.0,0.0,0.0]]",0.0,0.0007590834383096,0.0,0.0007590834383096,6.151061617392201e-05,0.0,6.151061617392201e-05
END_FACE_TRANSITION_PRESENT,1850310744,DROPOUT_ONLY,native_full,1,"[[0.0,0.0,0.0],[0.0,0.0,0.0],[0.0,0.0,0.0]]",0.0,"[[0.0,0.0,0.0],[0.0,0.0,0.0],[0.0,0.0,0.0]]",0.0,0.0007367456268677,0.0,0.0007367456268677,6.071175297928485e-05,0.0,6.071175297928485e-05
END_FACE_TRANSITION_PRESENT,1850310744,DROPOUT_ONLY,open3d_full,1,"[[0.0,0.0,0.0],[0.0,0.0,0.0],[0.0,0.0,0.0]]",0.0,"[[0.0,0.0,0.0],[0.0,0.0,0.0],[0.0,0.0,0.0]]",0.0,0.0012324570635624,0.0,0.0012324570635624,0.0002854214116952,0.0,0.0002854214116952
END_FACE_TRANSITION_PRESENT,1850310744,FULL_NOISE,native_frozen,1,"[[0.0,0.0,0.0],[0.0,0.0,0.0],[0.0,0.0,0.0]]",0.0,"[[0.0,0.0,0.0],[0.0,0.0,0.0],[0.0,0.0,0.0]]",0.0,0.0008640631154972,0.0,0.0008640631154972,4.18651261965991e-05,0.0,4.18651261965991e-05
END_FACE_TRANSITION_PRESENT,1850310744,FULL_NOISE,native_full,1,"[[0.0,0.0,0.0],[0.0,0.0,0.0],[0.0,0.0,0.0]]",0.0,"[[0.0,0.0,0.0],[0.0,0.0,0.0],[0.0,0.0,0.0]]",0.0,0.0008949460592037,0.0,0.0008949460592037,4.076524493909842e-05,0.0,4.076524493909842e-05
END_FACE_TRANSITION_PRESENT,1850310744,FULL_NOISE,open3d_full,1,"[[0.0,0.0,0.0],[0.0,0.0,0.0],[0.0,0.0,0.0]]",0.0,"[[0.0,0.0,0.0],[0.0,0.0,0.0],[0.0,0.0,0.0]]",0.0,0.0012093213814742,0.0,0.0012093213814742,0.0003808953073477,0.0,0.0003808953073477
END_FACE_TRANSITION_PRESENT,1850310744,IDEAL_MATCHED,native_frozen,1,"[[0.0,0.0,0.0],[0.0,0.0,0.0],[0.0,0.0,0.0]]",0.0,"[[0.0,0.0,0.0],[0.0,0.0,0.0],[0.0,0.0,0.0]]",0.0,0.0005820627206115,0.0,0.0005820627206115,0.0001518896457996,0.0,0.0001518896457996
END_FACE_TRANSITION_PRESENT,1850310744,IDEAL_MATCHED,native_full,1,"[[0.0,0.0,0.0],[0.0,0.0,0.0],[0.0,0.0,0.0]]",0.0,"[[0.0,0.0,0.0],[0.0,0.0,0.0],[0.0,0.0,0.0]]",0.0,0.0017005735649127,0.0,0.0017005735649127,0.0002001249413557,0.0,0.0002001249413557
END_FACE_TRANSITION_PRESENT,1850310744,IDEAL_MATCHED,open3d_full,1,"[[0.0,0.0,0.0],[0.0,0.0,0.0],[0.0,0.0,0.0]]",0.0,"[[0.0,0.0,0.0],[0.0,0.0,0.0],[0.0,0.0,0.0]]",0.0,9.352690538435496e-19,0.0,9.352690538435496e-19,6.27156839240814e-20,0.0,6.27156839240814e-20
END_FACE_TRANSITION_PRESENT,1850310744,INDEPENDENT_NOISE_FREE,native_frozen,1,"[[0.0,0.0,0.0],[0.0,0.0,0.0],[0.0,0.0,0.0]]",0.0,"[[0.0,0.0,0.0],[0.0,0.0,0.0],[0.0,0.0,0.0]]",0.0,0.0007339111406818,0.0,0.0007339111406818,6.019653742344943e-05,0.0,6.019653742344943e-05
END_FACE_TRANSITION_PRESENT,1850310744,INDEPENDENT_NOISE_FREE,native_full,1,"[[0.0,0.0,0.0],[0.0,0.0,0.0],[0.0,0.0,0.0]]",0.0,"[[0.0,0.0,0.0],[0.0,0.0,0.0],[0.0,0.0,0.0]]",0.0,0.0007118426474489,0.0,0.0007118426474489,5.9404389527978696e-05,0.0,5.9404389527978696e-05
END_FACE_TRANSITION_PRESENT,1850310744,INDEPENDENT_NOISE_FREE,open3d_full,1,"[[0.0,0.0,0.0],[0.0,0.0,0.0],[0.0,0.0,0.0]]",0.0,"[[0.0,0.0,0.0],[0.0,0.0,0.0],[0.0,0.0,0.0]]",0.0,0.001229858396579,0.0,0.001229858396579,0.0002829353224428,0.0,0.0002829353224428
END_FACE_TRANSITION_PRESENT,1850310744,MAP_NOISE_ONLY,native_frozen,1,"[[0.0,0.0,0.0],[0.0,0.0,0.0],[0.0,0.0,0.0]]",0.0,"[[0.0,0.0,0.0],[0.0,0.0,0.0],[0.0,0.0,0.0]]",0.0,0.0007670124947487,0.0,0.0007670124947487,7.15860850079482e-05,0.0,7.15860850079482e-05
END_FACE_TRANSITION_PRESENT,1850310744,MAP_NOISE_ONLY,native_full,1,"[[0.0,0.0,0.0],[0.0,0.0,0.0],[0.0,0.0,0.0]]",0.0,"[[0.0,0.0,0.0],[0.0,0.0,0.0],[0.0,0.0,0.0]]",0.0,0.0007811755588273,0.0,0.0007811755588273,7.15664224258027e-05,0.0,7.15664224258027e-05
END_FACE_TRANSITION_PRESENT,1850310744,MAP_NOISE_ONLY,open3d_full,1,"[[0.0,0.0,0.0],[0.0,0.0,0.0],[0.0,0.0,0.0]]",0.0,"[[0.0,0.0,0.0],[0.0,0.0,0.0],[0.0,0.0,0.0]]",0.0,0.0011809374924479,0.0,0.0011809374924479,0.0002864798399671,0.0,0.0002864798399671
END_FACE_TRANSITION_PRESENT,1850310744,SCAN_NOISE_ONLY,native_frozen,1,"[[0.0,0.0,0.0],[0.0,0.0,0.0],[0.0,0.0,0.0]]",0.0,"[[0.0,0.0,0.0],[0.0,0.0,0.0],[0.0,0.0,0.0]]",0.0,0.0007653109517845,0.0,0.0007653109517845,6.700890351328983e-05,0.0,6.700890351328983e-05
END_FACE_TRANSITION_PRESENT,1850310744,SCAN_NOISE_ONLY,native_full,1,"[[0.0,0.0,0.0],[0.0,0.0,0.0],[0.0,0.0,0.0]]",0.0,"[[0.0,0.0,0.0],[0.0,0.0,0.0],[0.0,0.0,0.0]]",0.0,0.0007752475873857,0.0,0.0007752475873857,6.578663087354647e-05,0.0,6.578663087354647e-05
END_FACE_TRANSITION_PRESENT,1850310744,SCAN_NOISE_ONLY,open3d_full,1,"[[0.0,0.0,0.0],[0.0,0.0,0.0],[0.0,0.0,0.0]]",0.0,"[[0.0,0.0,0.0],[0.0,0.0,0.0],[0.0,0.0,0.0]]",0.0,0.0012544325016052,0.0,0.0012544325016052,0.0003532488952259,0.0,0.0003532488952259
END_FACE_TRANSITION_WEAK,1850310744,DROPOUT_ONLY,native_frozen,1,"[[0.0,0.0,0.0],[0.0,0.0,0.0],[0.0,0.0,0.0]]",0.0,"[[0.0,0.0,0.0],[0.0,0.0,0.0],[0.0,0.0,0.0]]",0.0,0.0098636426500696,0.0,0.0098636426500696,0.0001853264654496,0.0,0.0001853264654496
END_FACE_TRANSITION_WEAK,1850310744,DROPOUT_ONLY,native_full,1,"[[0.0,0.0,0.0],[0.0,0.0,0.0],[0.0,0.0,0.0]]",0.0,"[[0.0,0.0,0.0],[0.0,0.0,0.0],[0.0,0.0,0.0]]",0.0,0.0014986245536058,0.0,0.0014986245536058,0.0001894737111943,0.0,0.0001894737111943
END_FACE_TRANSITION_WEAK,1850310744,DROPOUT_ONLY,open3d_full,1,"[[0.0,0.0,0.0],[0.0,0.0,0.0],[0.0,0.0,0.0]]",0.0,"[[0.0,0.0,0.0],[0.0,0.0,0.0],[0.0,0.0,0.0]]",0.0,0.002898343142775,0.0,0.002898343142775,0.0004662619021762,0.0,0.0004662619021762
END_FACE_TRANSITION_WEAK,1850310744,FULL_NOISE,native_frozen,1,"[[0.0,0.0,0.0],[0.0,0.0,0.0],[0.0,0.0,0.0]]",0.0,"[[0.0,0.0,0.0],[0.0,0.0,0.0],[0.0,0.0,0.0]]",0.0,0.0139447935961616,0.0,0.0139447935961616,0.0002466881748017,0.0,0.0002466881748017
END_FACE_TRANSITION_WEAK,1850310744,FULL_NOISE,native_full,1,"[[0.0,0.0,0.0],[0.0,0.0,0.0],[0.0,0.0,0.0]]",0.0,"[[0.0,0.0,0.0],[0.0,0.0,0.0],[0.0,0.0,0.0]]",0.0,0.0404718361572234,0.0,0.0404718361572234,1.853359285884784e-05,0.0,1.853359285884784e-05
END_FACE_TRANSITION_WEAK,1850310744,FULL_NOISE,open3d_full,1,"[[0.0,0.0,0.0],[0.0,0.0,0.0],[0.0,0.0,0.0]]",0.0,"[[0.0,0.0,0.0],[0.0,0.0,0.0],[0.0,0.0,0.0]]",0.0,0.002280367632527,0.0,0.002280367632527,0.0004614634130673,0.0,0.0004614634130673
END_FACE_TRANSITION_WEAK,1850310744,IDEAL_MATCHED,native_frozen,1,"[[0.0,0.0,0.0],[0.0,0.0,0.0],[0.0,0.0,0.0]]",0.0,"[[0.0,0.0,0.0],[0.0,0.0,0.0],[0.0,0.0,0.0]]",0.0,0.0116692882939793,0.0,0.0116692882939793,0.0001567170065722,0.0,0.0001567170065722
END_FACE_TRANSITION_WEAK,1850310744,IDEAL_MATCHED,native_full,1,"[[0.0,0.0,0.0],[0.0,0.0,0.0],[0.0,0.0,0.0]]",0.0,"[[0.0,0.0,0.0],[0.0,0.0,0.0],[0.0,0.0,0.0]]",0.0,0.0604855941159574,0.0,0.0604855941159574,5.262378307859971e-05,0.0,5.262378307859971e-05
END_FACE_TRANSITION_WEAK,1850310744,IDEAL_MATCHED,open3d_full,1,"[[0.0,0.0,0.0],[0.0,0.0,0.0],[0.0,0.0,0.0]]",0.0,"[[0.0,0.0,0.0],[0.0,0.0,0.0],[0.0,0.0,0.0]]",0.0,4.8789215069972746e-18,0.0,4.8789215069972746e-18,7.668895494946421e-19,0.0,7.668895494946421e-19
END_FACE_TRANSITION_WEAK,1850310744,INDEPENDENT_NOISE_FREE,native_frozen,1,"[[0.0,0.0,0.0],[0.0,0.0,0.0],[0.0,0.0,0.0]]",0.0,"[[0.0,0.0,0.0],[0.0,0.0,0.0],[0.0,0.0,0.0]]",0.0,0.0099646091354713,0.0,0.0099646091354713,0.0001852201845699,0.0,0.0001852201845699
END_FACE_TRANSITION_WEAK,1850310744,INDEPENDENT_NOISE_FREE,native_full,1,"[[0.0,0.0,0.0],[0.0,0.0,0.0],[0.0,0.0,0.0]]",0.0,"[[0.0,0.0,0.0],[0.0,0.0,0.0],[0.0,0.0,0.0]]",0.0,0.0014891902957622,0.0,0.0014891902957622,0.0001896435222873,0.0,0.0001896435222873
END_FACE_TRANSITION_WEAK,1850310744,INDEPENDENT_NOISE_FREE,open3d_full,1,"[[0.0,0.0,0.0],[0.0,0.0,0.0],[0.0,0.0,0.0]]",0.0,"[[0.0,0.0,0.0],[0.0,0.0,0.0],[0.0,0.0,0.0]]",0.0,0.0028621314666344,0.0,0.0028621314666344,0.0004684064608086,0.0,0.0004684064608086
END_FACE_TRANSITION_WEAK,1850310744,MAP_NOISE_ONLY,native_frozen,1,"[[0.0,0.0,0.0],[0.0,0.0,0.0],[0.0,0.0,0.0]]",0.0,"[[0.0,0.0,0.0],[0.0,0.0,0.0],[0.0,0.0,0.0]]",0.0,0.0019193978477194,0.0,0.0019193978477194,0.0001962744597314,0.0,0.0001962744597314
END_FACE_TRANSITION_WEAK,1850310744,MAP_NOISE_ONLY,native_full,1,"[[0.0,0.0,0.0],[0.0,0.0,0.0],[0.0,0.0,0.0]]",0.0,"[[0.0,0.0,0.0],[0.0,0.0,0.0],[0.0,0.0,0.0]]",0.0,0.0235196116849844,0.0,0.0235196116849844,2.6765003860825605e-05,0.0,2.6765003860825605e-05
END_FACE_TRANSITION_WEAK,1850310744,MAP_NOISE_ONLY,open3d_full,1,"[[0.0,0.0,0.0],[0.0,0.0,0.0],[0.0,0.0,0.0]]",0.0,"[[0.0,0.0,0.0],[0.0,0.0,0.0],[0.0,0.0,0.0]]",0.0,0.0027502649152841,0.0,0.0027502649152841,0.0004911003795536,0.0,0.0004911003795536
END_FACE_TRANSITION_WEAK,1850310744,SCAN_NOISE_ONLY,native_frozen,1,"[[0.0,0.0,0.0],[0.0,0.0,0.0],[0.0,0.0,0.0]]",0.0,"[[0.0,0.0,0.0],[0.0,0.0,0.0],[0.0,0.0,0.0]]",0.0,0.013365804787181,0.0,0.013365804787181,0.0002199575716542,0.0,0.0002199575716542
END_FACE_TRANSITION_WEAK,1850310744,SCAN_NOISE_ONLY,native_full,1,"[[0.0,0.0,0.0],[0.0,0.0,0.0],[0.0,0.0,0.0]]",0.0,"[[0.0,0.0,0.0],[0.0,0.0,0.0],[0.0,0.0,0.0]]",0.0,0.0405867573314813,0.0,0.0405867573314813,5.086938255778338e-05,0.0,5.086938255778338e-05
END_FACE_TRANSITION_WEAK,1850310744,SCAN_NOISE_ONLY,open3d_full,1,"[[0.0,0.0,0.0],[0.0,0.0,0.0],[0.0,0.0,0.0]]",0.0,"[[0.0,0.0,0.0],[0.0,0.0,0.0],[0.0,0.0,0.0]]",0.0,0.0018868723288401,0.0,0.0018868723288401,0.0004865208812427,0.0,0.0004865208812427
GEOMETRY_RICH_ROOM,1850310744,DROPOUT_ONLY,native_frozen,1,"[[0.0,0.0,0.0],[0.0,0.0,0.0],[0.0,0.0,0.0]]",0.0,"[[0.0,0.0,0.0],[0.0,0.0,0.0],[0.0,0.0,0.0]]",0.0,0.0008347517633764,0.0,0.0008347517633764,3.992192718656824e-05,0.0,3.992192718656824e-05
GEOMETRY_RICH_ROOM,1850310744,DROPOUT_ONLY,native_full,1,"[[0.0,0.0,0.0],[0.0,0.0,0.0],[0.0,0.0,0.0]]",0.0,"[[0.0,0.0,0.0],[0.0,0.0,0.0],[0.0,0.0,0.0]]",0.0,0.0008332908575488,0.0,0.0008332908575488,3.870839176708106e-05,0.0,3.870839176708106e-05
GEOMETRY_RICH_ROOM,1850310744,DROPOUT_ONLY,open3d_full,1,"[[0.0,0.0,0.0],[0.0,0.0,0.0],[0.0,0.0,0.0]]",0.0,"[[0.0,0.0,0.0],[0.0,0.0,0.0],[0.0,0.0,0.0]]",0.0,0.0009526275494067,0.0,0.0009526275494067,0.0002366561792093,0.0,0.0002366561792093
GEOMETRY_RICH_ROOM,1850310744,FULL_NOISE,native_frozen,1,"[[0.0,0.0,0.0],[0.0,0.0,0.0],[0.0,0.0,0.0]]",0.0,"[[0.0,0.0,0.0],[0.0,0.0,0.0],[0.0,0.0,0.0]]",0.0,0.000864475158231,0.0,0.000864475158231,4.384187479240828e-05,0.0,4.384187479240828e-05
GEOMETRY_RICH_ROOM,1850310744,FULL_NOISE,native_full,1,"[[0.0,0.0,0.0],[0.0,0.0,0.0],[0.0,0.0,0.0]]",0.0,"[[0.0,0.0,0.0],[0.0,0.0,0.0],[0.0,0.0,0.0]]",0.0,0.0008512881397953,0.0,0.0008512881397953,4.279263049762217e-05,0.0,4.279263049762217e-05
GEOMETRY_RICH_ROOM,1850310744,FULL_NOISE,open3d_full,1,"[[0.0,0.0,0.0],[0.0,0.0,0.0],[0.0,0.0,0.0]]",0.0,"[[0.0,0.0,0.0],[0.0,0.0,0.0],[0.0,0.0,0.0]]",0.0,0.0008751492562068,0.0,0.0008751492562068,0.000242659261698,0.0,0.000242659261698
GEOMETRY_RICH_ROOM,1850310744,IDEAL_MATCHED,native_frozen,1,"[[0.0,0.0,0.0],[0.0,0.0,0.0],[0.0,0.0,0.0]]",0.0,"[[0.0,0.0,0.0],[0.0,0.0,0.0],[0.0,0.0,0.0]]",0.0,0.0004078888365268,0.0,0.0004078888365268,2.6913685290840636e-05,0.0,2.6913685290840636e-05
GEOMETRY_RICH_ROOM,1850310744,IDEAL_MATCHED,native_full,1,"[[0.0,0.0,0.0],[0.0,0.0,0.0],[0.0,0.0,0.0]]",0.0,"[[0.0,0.0,0.0],[0.0,0.0,0.0],[0.0,0.0,0.0]]",0.0,0.000441014988808,0.0,0.000441014988808,4.192074022461954e-05,0.0,4.192074022461954e-05
GEOMETRY_RICH_ROOM,1850310744,IDEAL_MATCHED,open3d_full,1,"[[0.0,0.0,0.0],[0.0,0.0,0.0],[0.0,0.0,0.0]]",0.0,"[[0.0,0.0,0.0],[0.0,0.0,0.0],[0.0,0.0,0.0]]",0.0,3.340954274063999e-19,0.0,3.340954274063999e-19,7.440863529661434e-20,0.0,7.440863529661434e-20
GEOMETRY_RICH_ROOM,1850310744,INDEPENDENT_NOISE_FREE,native_frozen,1,"[[0.0,0.0,0.0],[0.0,0.0,0.0],[0.0,0.0,0.0]]",0.0,"[[0.0,0.0,0.0],[0.0,0.0,0.0],[0.0,0.0,0.0]]",0.0,0.0008426098087043,0.0,0.0008426098087043,4.028875295686809e-05,0.0,4.028875295686809e-05
GEOMETRY_RICH_ROOM,1850310744,INDEPENDENT_NOISE_FREE,native_full,1,"[[0.0,0.0,0.0],[0.0,0.0,0.0],[0.0,0.0,0.0]]",0.0,"[[0.0,0.0,0.0],[0.0,0.0,0.0],[0.0,0.0,0.0]]",0.0,0.0008411999437993,0.0,0.0008411999437993,3.9105595656048566e-05,0.0,3.9105595656048566e-05
GEOMETRY_RICH_ROOM,1850310744,INDEPENDENT_NOISE_FREE,open3d_full,1,"[[0.0,0.0,0.0],[0.0,0.0,0.0],[0.0,0.0,0.0]]",0.0,"[[0.0,0.0,0.0],[0.0,0.0,0.0],[0.0,0.0,0.0]]",0.0,0.0009561696490941,0.0,0.0009561696490941,0.0002389795062943,0.0,0.0002389795062943
GEOMETRY_RICH_ROOM,1850310744,MAP_NOISE_ONLY,native_frozen,1,"[[0.0,0.0,0.0],[0.0,0.0,0.0],[0.0,0.0,0.0]]",0.0,"[[0.0,0.0,0.0],[0.0,0.0,0.0],[0.0,0.0,0.0]]",0.0,0.0008122573871436,0.0,0.0008122573871436,4.114669718652108e-05,0.0,4.114669718652108e-05
GEOMETRY_RICH_ROOM,1850310744,MAP_NOISE_ONLY,native_full,1,"[[0.0,0.0,0.0],[0.0,0.0,0.0],[0.0,0.0,0.0]]",0.0,"[[0.0,0.0,0.0],[0.0,0.0,0.0],[0.0,0.0,0.0]]",0.0,0.0008008946485247,0.0,0.0008008946485247,3.981667666109357e-05,0.0,3.981667666109357e-05
GEOMETRY_RICH_ROOM,1850310744,MAP_NOISE_ONLY,open3d_full,1,"[[0.0,0.0,0.0],[0.0,0.0,0.0],[0.0,0.0,0.0]]",0.0,"[[0.0,0.0,0.0],[0.0,0.0,0.0],[0.0,0.0,0.0]]",0.0,0.0008849932094998,0.0,0.0008849932094998,0.00024104014115,0.0,0.00024104014115
GEOMETRY_RICH_ROOM,1850310744,SCAN_NOISE_ONLY,native_frozen,1,"[[0.0,0.0,0.0],[0.0,0.0,0.0],[0.0,0.0,0.0]]",0.0,"[[0.0,0.0,0.0],[0.0,0.0,0.0],[0.0,0.0,0.0]]",0.0,0.0008859336403805,0.0,0.0008859336403805,3.768822876087402e-05,0.0,3.768822876087402e-05
GEOMETRY_RICH_ROOM,1850310744,SCAN_NOISE_ONLY,native_full,1,"[[0.0,0.0,0.0],[0.0,0.0,0.0],[0.0,0.0,0.0]]",0.0,"[[0.0,0.0,0.0],[0.0,0.0,0.0],[0.0,0.0,0.0]]",0.0,0.000881244280251,0.0,0.000881244280251,3.655618750785287e-05,0.0,3.655618750785287e-05
GEOMETRY_RICH_ROOM,1850310744,SCAN_NOISE_ONLY,open3d_full,1,"[[0.0,0.0,0.0],[0.0,0.0,0.0],[0.0,0.0,0.0]]",0.0,"[[0.0,0.0,0.0],[0.0,0.0,0.0],[0.0,0.0,0.0]]",0.0,0.000975482448695,0.0,0.000975482448695,0.0002309981976406,0.0,0.0002309981976406
LONG_CORRIDOR,1850310744,DROPOUT_ONLY,native_frozen,1,"[[0.0,0.0,0.0],[0.0,0.0,0.0],[0.0,0.0,0.0]]",0.0,"[[0.0,0.0,0.0],[0.0,0.0,0.0],[0.0,0.0,0.0]]",0.0,0.0317565512543772,0.0,0.0317565512543772,9.992631722008148e-05,0.0,9.992631722008148e-05
LONG_CORRIDOR,1850310744,DROPOUT_ONLY,native_full,1,"[[0.0,0.0,0.0],[0.0,0.0,0.0],[0.0,0.0,0.0]]",0.0,"[[0.0,0.0,0.0],[0.0,0.0,0.0],[0.0,0.0,0.0]]",0.0,0.1467071866715092,0.0,0.1467071866715092,0.0003024544793648,0.0,0.0003024544793648
LONG_CORRIDOR,1850310744,DROPOUT_ONLY,open3d_full,1,"[[0.0,0.0,0.0],[0.0,0.0,0.0],[0.0,0.0,0.0]]",0.0,"[[0.0,0.0,0.0],[0.0,0.0,0.0],[0.0,0.0,0.0]]",0.0,0.1093914032938867,0.0,0.1093914032938867,0.0006158146061787,0.0,0.0006158146061787
LONG_CORRIDOR,1850310744,FULL_NOISE,native_frozen,1,"[[0.0,0.0,0.0],[0.0,0.0,0.0],[0.0,0.0,0.0]]",0.0,"[[0.0,0.0,0.0],[0.0,0.0,0.0],[0.0,0.0,0.0]]",0.0,0.0194956196548845,0.0,0.0194956196548845,8.925356365484011e-05,0.0,8.925356365484011e-05
LONG_CORRIDOR,1850310744,FULL_NOISE,native_full,1,"[[0.0,0.0,0.0],[0.0,0.0,0.0],[0.0,0.0,0.0]]",0.0,"[[0.0,0.0,0.0],[0.0,0.0,0.0],[0.0,0.0,0.0]]",0.0,0.1154514547149336,0.0,0.1154514547149336,2.170603898310916e-05,0.0,2.170603898310916e-05
LONG_CORRIDOR,1850310744,FULL_NOISE,open3d_full,1,"[[0.0,0.0,0.0],[0.0,0.0,0.0],[0.0,0.0,0.0]]",0.0,"[[0.0,0.0,0.0],[0.0,0.0,0.0],[0.0,0.0,0.0]]",0.0,0.1105045713763541,0.0,0.1105045713763541,0.0006152848337343,0.0,0.0006152848337343
LONG_CORRIDOR,1850310744,IDEAL_MATCHED,native_frozen,1,"[[0.0,0.0,0.0],[0.0,0.0,0.0],[0.0,0.0,0.0]]",0.0,"[[0.0,0.0,0.0],[0.0,0.0,0.0],[0.0,0.0,0.0]]",0.0,0.0439534364181227,0.0,0.0439534364181227,2.244965173456255e-05,0.0,2.244965173456255e-05
LONG_CORRIDOR,1850310744,IDEAL_MATCHED,native_full,1,"[[0.0,0.0,0.0],[0.0,0.0,0.0],[0.0,0.0,0.0]]",0.0,"[[0.0,0.0,0.0],[0.0,0.0,0.0],[0.0,0.0,0.0]]",0.0,0.2377063203355301,0.0,0.2377063203355301,0.0001041141050453,0.0,0.0001041141050453
LONG_CORRIDOR,1850310744,IDEAL_MATCHED,open3d_full,1,"[[0.0,0.0,0.0],[0.0,0.0,0.0],[0.0,0.0,0.0]]",0.0,"[[0.0,0.0,0.0],[0.0,0.0,0.0],[0.0,0.0,0.0]]",0.0,4.299474068382783e-17,0.0,4.299474068382783e-17,6.116893970881568e-20,0.0,6.116893970881568e-20
LONG_CORRIDOR,1850310744,INDEPENDENT_NOISE_FREE,native_frozen,1,"[[0.0,0.0,0.0],[0.0,0.0,0.0],[0.0,0.0,0.0]]",0.0,"[[0.0,0.0,0.0],[0.0,0.0,0.0],[0.0,0.0,0.0]]",0.0,0.0322853576584544,0.0,0.0322853576584544,0.0001008197998229,0.0,0.0001008197998229
LONG_CORRIDOR,1850310744,INDEPENDENT_NOISE_FREE,native_full,1,"[[0.0,0.0,0.0],[0.0,0.0,0.0],[0.0,0.0,0.0]]",0.0,"[[0.0,0.0,0.0],[0.0,0.0,0.0],[0.0,0.0,0.0]]",0.0,0.1468236347412005,0.0,0.1468236347412005,0.0003039407111133,0.0,0.0003039407111133
LONG_CORRIDOR,1850310744,INDEPENDENT_NOISE_FREE,open3d_full,1,"[[0.0,0.0,0.0],[0.0,0.0,0.0],[0.0,0.0,0.0]]",0.0,"[[0.0,0.0,0.0],[0.0,0.0,0.0],[0.0,0.0,0.0]]",0.0,0.1099700210800561,0.0,0.1099700210800561,0.0006155110513819,0.0,0.0006155110513819
LONG_CORRIDOR,1850310744,MAP_NOISE_ONLY,native_frozen,1,"[[0.0,0.0,0.0],[0.0,0.0,0.0],[0.0,0.0,0.0]]",0.0,"[[0.0,0.0,0.0],[0.0,0.0,0.0],[0.0,0.0,0.0]]",0.0,0.0322408351758905,0.0,0.0322408351758905,0.0001377741515593,0.0,0.0001377741515593
LONG_CORRIDOR,1850310744,MAP_NOISE_ONLY,native_full,1,"[[0.0,0.0,0.0],[0.0,0.0,0.0],[0.0,0.0,0.0]]",0.0,"[[0.0,0.0,0.0],[0.0,0.0,0.0],[0.0,0.0,0.0]]",0.0,0.1597117853588756,0.0,0.1597117853588756,0.0001192258945907,0.0,0.0001192258945907
LONG_CORRIDOR,1850310744,MAP_NOISE_ONLY,open3d_full,1,"[[0.0,0.0,0.0],[0.0,0.0,0.0],[0.0,0.0,0.0]]",0.0,"[[0.0,0.0,0.0],[0.0,0.0,0.0],[0.0,0.0,0.0]]",0.0,0.1093653245349721,0.0,0.1093653245349721,0.0006286496961918,0.0,0.0006286496961918
LONG_CORRIDOR,1850310744,SCAN_NOISE_ONLY,native_frozen,1,"[[0.0,0.0,0.0],[0.0,0.0,0.0],[0.0,0.0,0.0]]",0.0,"[[0.0,0.0,0.0],[0.0,0.0,0.0],[0.0,0.0,0.0]]",0.0,0.0221033347733887,0.0,0.0221033347733887,0.0001061055783607,0.0,0.0001061055783607
LONG_CORRIDOR,1850310744,SCAN_NOISE_ONLY,native_full,1,"[[0.0,0.0,0.0],[0.0,0.0,0.0],[0.0,0.0,0.0]]",0.0,"[[0.0,0.0,0.0],[0.0,0.0,0.0],[0.0,0.0,0.0]]",0.0,0.0053256022652003,0.0,0.0053256022652003,6.253331038795387e-05,0.0,6.253331038795387e-05
LONG_CORRIDOR,1850310744,SCAN_NOISE_ONLY,open3d_full,1,"[[0.0,0.0,0.0],[0.0,0.0,0.0],[0.0,0.0,0.0]]",0.0,"[[0.0,0.0,0.0],[0.0,0.0,0.0],[0.0,0.0,0.0]]",0.0,0.1088872704968048,0.0,0.1088872704968048,0.0006185492821502,0.0,0.0006185492821502
PARALLEL_WALLS,1850310744,DROPOUT_ONLY,native_frozen,1,"[[0.0,0.0,0.0],[0.0,0.0,0.0],[0.0,0.0,0.0]]",0.0,"[[0.0,0.0,0.0],[0.0,0.0,0.0],[0.0,0.0,0.0]]",0.0,0.0242315558444469,0.0,0.0242315558444469,0.000341078498064,0.0,0.000341078498064
PARALLEL_WALLS,1850310744,DROPOUT_ONLY,native_full,1,"[[0.0,0.0,0.0],[0.0,0.0,0.0],[0.0,0.0,0.0]]",0.0,"[[0.0,0.0,0.0],[0.0,0.0,0.0],[0.0,0.0,0.0]]",0.0,0.0229476691194143,0.0,0.0229476691194143,0.0001441231857111,0.0,0.0001441231857111
PARALLEL_WALLS,1850310744,DROPOUT_ONLY,open3d_full,1,"[[0.0,0.0,0.0],[0.0,0.0,0.0],[0.0,0.0,0.0]]",0.0,"[[0.0,0.0,0.0],[0.0,0.0,0.0],[0.0,0.0,0.0]]",0.0,0.0030050778800132,0.0,0.0030050778800132,0.0008618822059199,0.0,0.0008618822059199
PARALLEL_WALLS,1850310744,FULL_NOISE,native_frozen,1,"[[0.0,0.0,0.0],[0.0,0.0,0.0],[0.0,0.0,0.0]]",0.0,"[[0.0,0.0,0.0],[0.0,0.0,0.0],[0.0,0.0,0.0]]",0.0,0.0202567629228845,0.0,0.0202567629228845,0.0003226482842575,0.0,0.0003226482842575
PARALLEL_WALLS,1850310744,FULL_NOISE,native_full,1,"[[0.0,0.0,0.0],[0.0,0.0,0.0],[0.0,0.0,0.0]]",0.0,"[[0.0,0.0,0.0],[0.0,0.0,0.0],[0.0,0.0,0.0]]",0.0,0.002505608651305,0.0,0.002505608651305,0.0002234187603775,0.0,0.0002234187603775
PARALLEL_WALLS,1850310744,FULL_NOISE,open3d_full,1,"[[0.0,0.0,0.0],[0.0,0.0,0.0],[0.0,0.0,0.0]]",0.0,"[[0.0,0.0,0.0],[0.0,0.0,0.0],[0.0,0.0,0.0]]",0.0,0.0010185088255768,0.0,0.0010185088255768,0.0008599137781556,0.0,0.0008599137781556
PARALLEL_WALLS,1850310744,IDEAL_MATCHED,native_frozen,1,"[[0.0,0.0,0.0],[0.0,0.0,0.0],[0.0,0.0,0.0]]",0.0,"[[0.0,0.0,0.0],[0.0,0.0,0.0],[0.0,0.0,0.0]]",0.0,0.0267137271305078,0.0,0.0267137271305078,1.0876703721275895e-05,0.0,1.0876703721275895e-05
PARALLEL_WALLS,1850310744,IDEAL_MATCHED,native_full,1,"[[0.0,0.0,0.0],[0.0,0.0,0.0],[0.0,0.0,0.0]]",0.0,"[[0.0,0.0,0.0],[0.0,0.0,0.0],[0.0,0.0,0.0]]",0.0,0.0305720865995049,0.0,0.0305720865995049,1.6271689439335748e-05,0.0,1.6271689439335748e-05
PARALLEL_WALLS,1850310744,IDEAL_MATCHED,open3d_full,1,"[[0.0,0.0,0.0],[0.0,0.0,0.0],[0.0,0.0,0.0]]",0.0,"[[0.0,0.0,0.0],[0.0,0.0,0.0],[0.0,0.0,0.0]]",0.0,1.6397745878986823e-16,0.0,1.6397745878986823e-16,4.482194453053982e-19,0.0,4.482194453053982e-19
PARALLEL_WALLS,1850310744,INDEPENDENT_NOISE_FREE,native_frozen,1,"[[0.0,0.0,0.0],[0.0,0.0,0.0],[0.0,0.0,0.0]]",0.0,"[[0.0,0.0,0.0],[0.0,0.0,0.0],[0.0,0.0,0.0]]",0.0,0.0245694140177686,0.0,0.0245694140177686,0.0003418497380382,0.0,0.0003418497380382
PARALLEL_WALLS,1850310744,INDEPENDENT_NOISE_FREE,native_full,1,"[[0.0,0.0,0.0],[0.0,0.0,0.0],[0.0,0.0,0.0]]",0.0,"[[0.0,0.0,0.0],[0.0,0.0,0.0],[0.0,0.0,0.0]]",0.0,0.0243985536594735,0.0,0.0243985536594735,0.0001398978088715,0.0,0.0001398978088715
PARALLEL_WALLS,1850310744,INDEPENDENT_NOISE_FREE,open3d_full,1,"[[0.0,0.0,0.0],[0.0,0.0,0.0],[0.0,0.0,0.0]]",0.0,"[[0.0,0.0,0.0],[0.0,0.0,0.0],[0.0,0.0,0.0]]",0.0,0.0029471029704556,0.0,0.0029471029704556,0.0008634558755913,0.0,0.0008634558755913
PARALLEL_WALLS,1850310744,MAP_NOISE_ONLY,native_frozen,1,"[[0.0,0.0,0.0],[0.0,0.0,0.0],[0.0,0.0,0.0]]",0.0,"[[0.0,0.0,0.0],[0.0,0.0,0.0],[0.0,0.0,0.0]]",0.0,0.022068196936186,0.0,0.022068196936186,0.0003312183793574,0.0,0.0003312183793574
PARALLEL_WALLS,1850310744,MAP_NOISE_ONLY,native_full,1,"[[0.0,0.0,0.0],[0.0,0.0,0.0],[0.0,0.0,0.0]]",0.0,"[[0.0,0.0,0.0],[0.0,0.0,0.0],[0.0,0.0,0.0]]",0.0,0.0224177571158571,0.0,0.0224177571158571,0.0001382331123243,0.0,0.0001382331123243
PARALLEL_WALLS,1850310744,MAP_NOISE_ONLY,open3d_full,1,"[[0.0,0.0,0.0],[0.0,0.0,0.0],[0.0,0.0,0.0]]",0.0,"[[0.0,0.0,0.0],[0.0,0.0,0.0],[0.0,0.0,0.0]]",0.0,0.0038134028321465,0.0,0.0038134028321465,0.000851400775923,0.0,0.000851400775923
PARALLEL_WALLS,1850310744,SCAN_NOISE_ONLY,native_frozen,1,"[[0.0,0.0,0.0],[0.0,0.0,0.0],[0.0,0.0,0.0]]",0.0,"[[0.0,0.0,0.0],[0.0,0.0,0.0],[0.0,0.0,0.0]]",0.0,0.0214478882046443,0.0,0.0214478882046443,0.0003304110846149,0.0,0.0003304110846149
PARALLEL_WALLS,1850310744,SCAN_NOISE_ONLY,native_full,1,"[[0.0,0.0,0.0],[0.0,0.0,0.0],[0.0,0.0,0.0]]",0.0,"[[0.0,0.0,0.0],[0.0,0.0,0.0],[0.0,0.0,0.0]]",0.0,0.0175473091778927,0.0,0.0175473091778927,0.000328415475076,0.0,0.000328415475076
PARALLEL_WALLS,1850310744,SCAN_NOISE_ONLY,open3d_full,1,"[[0.0,0.0,0.0],[0.0,0.0,0.0],[0.0,0.0,0.0]]",0.0,"[[0.0,0.0,0.0],[0.0,0.0,0.0],[0.0,0.0,0.0]]",0.0,0.0047151040027181,0.0,0.0047151040027181,0.0008690193778714,0.0,0.0008690193778714
REPEATED_STRUCTURE,1850310744,DROPOUT_ONLY,native_frozen,1,"[[0.0,0.0,0.0],[0.0,0.0,0.0],[0.0,0.0,0.0]]",0.0,"[[0.0,0.0,0.0],[0.0,0.0,0.0],[0.0,0.0,0.0]]",0.0,0.0010925738993753,0.0,0.0010925738993753,0.0003335276971166,0.0,0.0003335276971166
REPEATED_STRUCTURE,1850310744,DROPOUT_ONLY,native_full,1,"[[0.0,0.0,0.0],[0.0,0.0,0.0],[0.0,0.0,0.0]]",0.0,"[[0.0,0.0,0.0],[0.0,0.0,0.0],[0.0,0.0,0.0]]",0.0,0.0016409384302033,0.0,0.0016409384302033,0.0003346407445112,0.0,0.0003346407445112
REPEATED_STRUCTURE,1850310744,DROPOUT_ONLY,open3d_full,1,"[[0.0,0.0,0.0],[0.0,0.0,0.0],[0.0,0.0,0.0]]",0.0,"[[0.0,0.0,0.0],[0.0,0.0,0.0],[0.0,0.0,0.0]]",0.0,0.0092665968697935,0.0,0.0092665968697935,0.0002702899060687,0.0,0.0002702899060687
REPEATED_STRUCTURE,1850310744,FULL_NOISE,native_frozen,1,"[[0.0,0.0,0.0],[0.0,0.0,0.0],[0.0,0.0,0.0]]",0.0,"[[0.0,0.0,0.0],[0.0,0.0,0.0],[0.0,0.0,0.0]]",0.0,0.0006071931296959,0.0,0.0006071931296959,0.0002866050083806,0.0,0.0002866050083806
REPEATED_STRUCTURE,1850310744,FULL_NOISE,native_full,1,"[[0.0,0.0,0.0],[0.0,0.0,0.0],[0.0,0.0,0.0]]",0.0,"[[0.0,0.0,0.0],[0.0,0.0,0.0],[0.0,0.0,0.0]]",0.0,0.001205895232249,0.0,0.001205895232249,0.0003208080394945,0.0,0.0003208080394945
REPEATED_STRUCTURE,1850310744,FULL_NOISE,open3d_full,1,"[[0.0,0.0,0.0],[0.0,0.0,0.0],[0.0,0.0,0.0]]",0.0,"[[0.0,0.0,0.0],[0.0,0.0,0.0],[0.0,0.0,0.0]]",0.0,0.0101137843016368,0.0,0.0101137843016368,0.0003024619721365,0.0,0.0003024619721365
REPEATED_STRUCTURE,1850310744,IDEAL_MATCHED,native_frozen,1,"[[0.0,0.0,0.0],[0.0,0.0,0.0],[0.0,0.0,0.0]]",0.0,"[[0.0,0.0,0.0],[0.0,0.0,0.0],[0.0,0.0,0.0]]",0.0,0.0022343845826442,0.0,0.0022343845826442,0.000186076033526,0.0,0.000186076033526
REPEATED_STRUCTURE,1850310744,IDEAL_MATCHED,native_full,1,"[[0.0,0.0,0.0],[0.0,0.0,0.0],[0.0,0.0,0.0]]",0.0,"[[0.0,0.0,0.0],[0.0,0.0,0.0],[0.0,0.0,0.0]]",0.0,0.0064010966677577,0.0,0.0064010966677577,0.0007343377972055,0.0,0.0007343377972055
REPEATED_STRUCTURE,1850310744,IDEAL_MATCHED,open3d_full,1,"[[0.0,0.0,0.0],[0.0,0.0,0.0],[0.0,0.0,0.0]]",0.0,"[[0.0,0.0,0.0],[0.0,0.0,0.0],[0.0,0.0,0.0]]",0.0,2.608795576494893e-18,0.0,2.608795576494893e-18,5.272791654200626e-19,0.0,5.272791654200626e-19
REPEATED_STRUCTURE,1850310744,INDEPENDENT_NOISE_FREE,native_frozen,1,"[[0.0,0.0,0.0],[0.0,0.0,0.0],[0.0,0.0,0.0]]",0.0,"[[0.0,0.0,0.0],[0.0,0.0,0.0],[0.0,0.0,0.0]]",0.0,0.00109340396798,0.0,0.00109340396798,0.0003387968689315,0.0,0.0003387968689315
REPEATED_STRUCTURE,1850310744,INDEPENDENT_NOISE_FREE,native_full,1,"[[0.0,0.0,0.0],[0.0,0.0,0.0],[0.0,0.0,0.0]]",0.0,"[[0.0,0.0,0.0],[0.0,0.0,0.0],[0.0,0.0,0.0]]",0.0,0.0016496657621015,0.0,0.0016496657621015,0.0003448127866333,0.0,0.0003448127866333
REPEATED_STRUCTURE,1850310744,INDEPENDENT_NOISE_FREE,open3d_full,1,"[[0.0,0.0,0.0],[0.0,0.0,0.0],[0.0,0.0,0.0]]",0.0,"[[0.0,0.0,0.0],[0.0,0.0,0.0],[0.0,0.0,0.0]]",0.0,0.00951357948888,0.0,0.00951357948888,0.0002709368116789,0.0,0.0002709368116789
REPEATED_STRUCTURE,1850310744,MAP_NOISE_ONLY,native_frozen,1,"[[0.0,0.0,0.0],[0.0,0.0,0.0],[0.0,0.0,0.0]]",0.0,"[[0.0,0.0,0.0],[0.0,0.0,0.0],[0.0,0.0,0.0]]",0.0,0.0009912772213558,0.0,0.0009912772213558,0.000327211312608,0.0,0.000327211312608
REPEATED_STRUCTURE,1850310744,MAP_NOISE_ONLY,native_full,1,"[[0.0,0.0,0.0],[0.0,0.0,0.0],[0.0,0.0,0.0]]",0.0,"[[0.0,0.0,0.0],[0.0,0.0,0.0],[0.0,0.0,0.0]]",0.0,0.0017371515575033,0.0,0.0017371515575033,0.0003505464910893,0.0,0.0003505464910893
REPEATED_STRUCTURE,1850310744,MAP_NOISE_ONLY,open3d_full,1,"[[0.0,0.0,0.0],[0.0,0.0,0.0],[0.0,0.0,0.0]]",0.0,"[[0.0,0.0,0.0],[0.0,0.0,0.0],[0.0,0.0,0.0]]",0.0,0.010912055285559,0.0,0.010912055285559,0.0002723525437802,0.0,0.0002723525437802
REPEATED_STRUCTURE,1850310744,SCAN_NOISE_ONLY,native_frozen,1,"[[0.0,0.0,0.0],[0.0,0.0,0.0],[0.0,0.0,0.0]]",0.0,"[[0.0,0.0,0.0],[0.0,0.0,0.0],[0.0,0.0,0.0]]",0.0,0.0007410637240784,0.0,0.0007410637240784,0.0002529223230424,0.0,0.0002529223230424
REPEATED_STRUCTURE,1850310744,SCAN_NOISE_ONLY,native_full,1,"[[0.0,0.0,0.0],[0.0,0.0,0.0],[0.0,0.0,0.0]]",0.0,"[[0.0,0.0,0.0],[0.0,0.0,0.0],[0.0,0.0,0.0]]",0.0,0.0014825976061598,0.0,0.0014825976061598,0.0002760005369125,0.0,0.0002760005369125
REPEATED_STRUCTURE,1850310744,SCAN_NOISE_ONLY,open3d_full,1,"[[0.0,0.0,0.0],[0.0,0.0,0.0],[0.0,0.0,0.0]]",0.0,"[[0.0,0.0,0.0],[0.0,0.0,0.0],[0.0,0.0,0.0]]",0.0,0.0095634148100974,0.0,0.0095634148100974,0.0002972086737392,0.0,0.0002972086737392
